pdf_path,questions_file,output_file,llm_model,embedding_model,chunk_size,chunk_overlap,bm25_k,vector_k,ensemble_weights,reranker_model,reranker_top_n,timestamp,avg_bleu,reference_accuracy,num_questions_evaluated,avg_rouge1_recall,avg_rouge2_recall,run_id
./汽车介绍手册.pdf,./QA_pairs.json,./answers_temp.json,c101-qwen25-72b,xiaobu-embedding-v2,300,100,7,7,"[0.6, 0.4]",bge-reranker-base,4,20250605_162036,0.4812,0.716,81,0.8481,0.7082,20250605_162036
./汽车介绍手册.pdf,./QA_pairs.json,./answers_temp.json,c101-qwen25-72b,m3e-base,300,100,7,7,"[0.6, 0.4]",bge-reranker-v2-m3,4,20250605_164301,0.4548,0.7037,81,0.8713,0.7319,20250605_164301
./汽车介绍手册.pdf,./QA_pairs.json,./answers_temp.json,c101-qwen25-72b,xiaobu-embedding-v2,300,100,3,3,"[0.5, 0.5]",bge-reranker-base,3,20250605_184517,0.4631,0.7654,81,0.8201,0.6837,20250605_184517
./汽车介绍手册.pdf,./QA_pairs.json,./answers_temp.json,c101-qwen25-72b,xiaobu-embedding-v2,300,100,3,5,"[0.5, 0.5]",bge-reranker-base,3,20250605_185258,0.4725,0.7778,81,0.8318,0.7006,20250605_185258
./汽车介绍手册.pdf,./QA_pairs.json,./answers_temp.json,c101-qwen25-72b,xiaobu-embedding-v2,300,100,5,3,"[0.5, 0.5]",bge-reranker-base,3,20250605_190031,0.4502,0.7654,81,0.8184,0.6769,20250605_190031
./汽车介绍手册.pdf,./QA_pairs.json,./answers_temp.json,c101-qwen25-72b,xiaobu-embedding-v2,300,100,5,5,"[0.5, 0.5]",bge-reranker-base,3,20250605_190810,0.4754,0.7778,81,0.831,0.6995,20250605_190810
./汽车介绍手册.pdf,./QA_pairs.json,./answers_temp.json,c101-qwen25-72b,xiaobu-embedding-v2,300,100,3,3,"[0.7, 0.3]",bge-reranker-base,3,20250605_191547,0.4654,0.7654,81,0.822,0.6891,20250605_191547
./汽车介绍手册.pdf,./QA_pairs.json,./answers_temp.json,c101-qwen25-72b,xiaobu-embedding-v2,300,100,3,5,"[0.7, 0.3]",bge-reranker-base,3,20250605_192324,0.4827,0.7778,81,0.829,0.6979,20250605_192324
./汽车介绍手册.pdf,./QA_pairs.json,./answers_temp.json,c101-qwen25-72b,xiaobu-embedding-v2,300,100,5,3,"[0.7, 0.3]",bge-reranker-base,3,20250605_193101,0.4629,0.7654,81,0.8236,0.6912,20250605_193101
./汽车介绍手册.pdf,./QA_pairs.json,./answers_temp.json,c101-qwen25-72b,xiaobu-embedding-v2,300,100,5,5,"[0.7, 0.3]",bge-reranker-base,3,20250605_193838,0.4708,0.7778,81,0.8244,0.6911,20250605_193838
./汽车介绍手册.pdf,./QA_pairs.json,./answers_temp.json,c101-qwen25-72b,xiaobu-embedding-v2,300,100,3,3,"[0.5, 0.5]",bge-reranker-base,3,20250605_194619,0.4562,0.716,81,0.8178,0.6743,20250605_194619
./汽车介绍手册.pdf,./QA_pairs.json,./answers_temp.json,c101-qwen25-72b,xiaobu-embedding-v2,300,100,3,5,"[0.5, 0.5]",bge-reranker-base,3,20250605_195357,0.4718,0.7284,81,0.8276,0.6913,20250605_195357
./汽车介绍手册.pdf,./QA_pairs.json,./answers_temp.json,c101-qwen25-72b,xiaobu-embedding-v2,300,100,5,3,"[0.5, 0.5]",bge-reranker-base,3,20250605_200137,0.442,0.7778,81,0.8177,0.6746,20250605_200137
./汽车介绍手册.pdf,./QA_pairs.json,./answers_temp.json,c101-qwen25-72b,xiaobu-embedding-v2,300,100,5,5,"[0.5, 0.5]",bge-reranker-base,3,20250605_200918,0.4371,0.7778,81,0.8159,0.6818,20250605_200918
./汽车介绍手册.pdf,./QA_pairs.json,./answers_temp.json,c101-qwen25-72b,xiaobu-embedding-v2,300,100,3,3,"[0.7, 0.3]",bge-reranker-base,3,20250605_201703,0.4374,0.716,81,0.8236,0.6863,20250605_201703
./汽车介绍手册.pdf,./QA_pairs.json,./answers_temp.json,c101-qwen25-72b,xiaobu-embedding-v2,300,100,3,5,"[0.7, 0.3]",bge-reranker-base,3,20250605_202444,0.4322,0.7284,81,0.8212,0.6903,20250605_202444
./汽车介绍手册.pdf,./QA_pairs.json,./answers_temp.json,c101-qwen25-72b,xiaobu-embedding-v2,300,100,5,3,"[0.7, 0.3]",bge-reranker-base,3,20250605_203231,0.4555,0.7778,81,0.8218,0.6948,20250605_203231
./汽车介绍手册.pdf,./QA_pairs.json,./answers_temp.json,c101-qwen25-72b,xiaobu-embedding-v2,300,100,5,5,"[0.7, 0.3]",bge-reranker-base,3,20250605_204018,0.4447,0.7778,81,0.8186,0.6796,20250605_204018
./汽车介绍手册.pdf,./QA_pairs.json,./answers_temp.json,c101-qwen25-72b,xiaobu-embedding-v2,300,100,3,3,"[0.5, 0.5]",bge-reranker-base,3,20250605_204802,0.4666,0.7531,81,0.834,0.7028,20250605_204802
./汽车介绍手册.pdf,./QA_pairs.json,./answers_temp.json,c101-qwen25-72b,xiaobu-embedding-v2,300,100,3,5,"[0.5, 0.5]",bge-reranker-base,3,20250605_205547,0.4601,0.7654,81,0.8334,0.705,20250605_205547
./汽车介绍手册.pdf,./QA_pairs.json,./answers_temp.json,c101-qwen25-72b,xiaobu-embedding-v2,300,100,5,3,"[0.5, 0.5]",bge-reranker-base,3,20250605_210334,0.4435,0.7531,81,0.8251,0.6817,20250605_210334
./汽车介绍手册.pdf,./QA_pairs.json,./answers_temp.json,c101-qwen25-72b,xiaobu-embedding-v2,300,100,5,5,"[0.5, 0.5]",bge-reranker-base,3,20250605_211128,0.4364,0.7654,81,0.8283,0.6934,20250605_211128
./汽车介绍手册.pdf,./QA_pairs.json,./answers_temp.json,c101-qwen25-72b,xiaobu-embedding-v2,300,100,3,3,"[0.7, 0.3]",bge-reranker-base,3,20250605_211925,0.4654,0.7531,81,0.8441,0.7123,20250605_211925
./汽车介绍手册.pdf,./QA_pairs.json,./answers_temp.json,c101-qwen25-72b,xiaobu-embedding-v2,300,100,3,5,"[0.7, 0.3]",bge-reranker-base,3,20250605_212715,0.4617,0.7654,81,0.8391,0.6972,20250605_212715
./汽车介绍手册.pdf,./QA_pairs.json,./answers_temp.json,c101-qwen25-72b,xiaobu-embedding-v2,300,100,5,3,"[0.7, 0.3]",bge-reranker-base,3,20250605_213501,0.4387,0.7531,81,0.8205,0.6745,20250605_213501
./汽车介绍手册.pdf,./QA_pairs.json,./answers_temp.json,c101-qwen25-72b,xiaobu-embedding-v2,300,100,5,5,"[0.7, 0.3]",bge-reranker-base,3,20250605_214257,0.449,0.7654,81,0.8226,0.6897,20250605_214257
./汽车介绍手册.pdf,./QA_pairs.json,./answers_temp.json,c101-qwen25-72b,xiaobu-embedding-v2,300,100,3,3,"[0.5, 0.5]",bge-reranker-base,3,20250605_215046,0.4725,0.7284,81,0.8328,0.6976,20250605_215046
./汽车介绍手册.pdf,./QA_pairs.json,./answers_temp.json,c101-qwen25-72b,xiaobu-embedding-v2,300,100,3,5,"[0.5, 0.5]",bge-reranker-base,3,20250605_215838,0.4501,0.7407,81,0.8274,0.6848,20250605_215838
./汽车介绍手册.pdf,./QA_pairs.json,./answers_temp.json,c101-qwen25-72b,xiaobu-embedding-v2,300,100,5,3,"[0.5, 0.5]",bge-reranker-base,3,20250605_220632,0.4507,0.7284,81,0.8273,0.6818,20250605_220632
./汽车介绍手册.pdf,./QA_pairs.json,./answers_temp.json,c101-qwen25-72b,xiaobu-embedding-v2,300,100,5,5,"[0.5, 0.5]",bge-reranker-base,3,20250605_221433,0.466,0.7284,81,0.8312,0.6963,20250605_221433
./汽车介绍手册.pdf,./QA_pairs.json,./answers_temp.json,c101-qwen25-72b,xiaobu-embedding-v2,300,100,3,3,"[0.7, 0.3]",bge-reranker-base,3,20250605_222230,0.4431,0.7284,81,0.8344,0.7027,20250605_222230
./汽车介绍手册.pdf,./QA_pairs.json,./answers_temp.json,c101-qwen25-72b,xiaobu-embedding-v2,300,100,3,5,"[0.7, 0.3]",bge-reranker-base,3,20250605_223029,0.4442,0.7407,81,0.8339,0.6944,20250605_223029
./汽车介绍手册.pdf,./QA_pairs.json,./answers_temp.json,c101-qwen25-72b,xiaobu-embedding-v2,300,100,5,3,"[0.7, 0.3]",bge-reranker-base,3,20250605_223827,0.4857,0.7284,81,0.8343,0.6952,20250605_223827
./汽车介绍手册.pdf,./QA_pairs.json,./answers_temp.json,c101-qwen25-72b,xiaobu-embedding-v2,300,100,5,5,"[0.7, 0.3]",bge-reranker-base,3,20250605_224620,0.4616,0.7284,81,0.8351,0.6969,20250605_224620
./汽车介绍手册.pdf,./QA_pairs.json,./answers_temp.json,c101-qwen25-72b,xiaobu-embedding-v2,300,100,3,3,"[0.5, 0.5]",bge-reranker-large,3,20250605_225419,0.4778,0.7531,81,0.84,0.701,20250605_225419
./汽车介绍手册.pdf,./QA_pairs.json,./answers_temp.json,c101-qwen25-72b,xiaobu-embedding-v2,300,100,3,5,"[0.5, 0.5]",bge-reranker-large,3,20250605_230209,0.4986,0.7531,81,0.8476,0.7183,20250605_230209
./汽车介绍手册.pdf,./QA_pairs.json,./answers_temp.json,c101-qwen25-72b,xiaobu-embedding-v2,300,100,5,3,"[0.5, 0.5]",bge-reranker-large,3,20250605_230957,0.4811,0.7531,81,0.8475,0.7095,20250605_230957
./汽车介绍手册.pdf,./QA_pairs.json,./answers_temp.json,c101-qwen25-72b,xiaobu-embedding-v2,300,100,5,5,"[0.5, 0.5]",bge-reranker-large,3,20250605_231747,0.506,0.7531,81,0.8532,0.7141,20250605_231747
./汽车介绍手册.pdf,./QA_pairs.json,./answers_temp.json,c101-qwen25-72b,xiaobu-embedding-v2,300,100,3,3,"[0.7, 0.3]",bge-reranker-large,3,20250605_232538,0.488,0.7531,81,0.8448,0.7106,20250605_232538
./汽车介绍手册.pdf,./QA_pairs.json,./answers_temp.json,c101-qwen25-72b,xiaobu-embedding-v2,300,100,3,5,"[0.7, 0.3]",bge-reranker-large,3,20250605_233325,0.4957,0.7531,81,0.8561,0.7222,20250605_233325
./汽车介绍手册.pdf,./QA_pairs.json,./answers_temp.json,c101-qwen25-72b,xiaobu-embedding-v2,300,100,5,3,"[0.7, 0.3]",bge-reranker-large,3,20250605_234117,0.5017,0.7531,81,0.8564,0.7212,20250605_234117
./汽车介绍手册.pdf,./QA_pairs.json,./answers_temp.json,c101-qwen25-72b,xiaobu-embedding-v2,300,100,5,5,"[0.7, 0.3]",bge-reranker-large,3,20250605_234904,0.5028,0.7531,81,0.869,0.7318,20250605_234904
./汽车介绍手册.pdf,./QA_pairs.json,./answers_temp.json,c101-qwen25-72b,xiaobu-embedding-v2,300,100,3,3,"[0.5, 0.5]",bge-reranker-large,3,20250605_235701,0.4814,0.7284,81,0.8544,0.7225,20250605_235701
./汽车介绍手册.pdf,./QA_pairs.json,./answers_temp.json,c101-qwen25-72b,xiaobu-embedding-v2,300,100,3,5,"[0.5, 0.5]",bge-reranker-large,3,20250606_000453,0.4923,0.7284,81,0.8421,0.7098,20250606_000453
./汽车介绍手册.pdf,./QA_pairs.json,./answers_temp.json,c101-qwen25-72b,xiaobu-embedding-v2,300,100,5,3,"[0.5, 0.5]",bge-reranker-large,3,20250606_001251,0.4779,0.7407,81,0.847,0.7074,20250606_001251
./汽车介绍手册.pdf,./QA_pairs.json,./answers_temp.json,c101-qwen25-72b,xiaobu-embedding-v2,300,100,5,5,"[0.5, 0.5]",bge-reranker-large,3,20250606_002040,0.5012,0.7407,81,0.8604,0.7402,20250606_002040
./汽车介绍手册.pdf,./QA_pairs.json,./answers_temp.json,c101-qwen25-72b,xiaobu-embedding-v2,300,100,3,3,"[0.7, 0.3]",bge-reranker-large,3,20250606_002633,0.4717,0.7284,81,0.8423,0.7132,20250606_002633
./汽车介绍手册.pdf,./QA_pairs.json,./answers_temp.json,c101-qwen25-72b,xiaobu-embedding-v2,300,100,3,5,"[0.7, 0.3]",bge-reranker-large,3,20250606_002952,0.4711,0.7284,81,0.8606,0.7321,20250606_002952
./汽车介绍手册.pdf,./QA_pairs.json,./answers_temp.json,c101-qwen25-72b,xiaobu-embedding-v2,300,100,5,3,"[0.7, 0.3]",bge-reranker-large,3,20250606_003330,0.4717,0.7407,81,0.8448,0.7119,20250606_003330
./汽车介绍手册.pdf,./QA_pairs.json,./answers_temp.json,c101-qwen25-72b,xiaobu-embedding-v2,300,100,5,5,"[0.7, 0.3]",bge-reranker-large,3,20250606_004124,0.4855,0.7407,81,0.8622,0.7292,20250606_004124
./汽车介绍手册.pdf,./QA_pairs.json,./answers_temp.json,c101-qwen25-72b,xiaobu-embedding-v2,300,100,3,3,"[0.5, 0.5]",bge-reranker-large,3,20250606_004925,0.4941,0.7654,81,0.856,0.7239,20250606_004925
./汽车介绍手册.pdf,./QA_pairs.json,./answers_temp.json,c101-qwen25-72b,xiaobu-embedding-v2,300,100,3,5,"[0.5, 0.5]",bge-reranker-large,3,20250606_005717,0.4835,0.7654,81,0.8578,0.7224,20250606_005717
./汽车介绍手册.pdf,./QA_pairs.json,./answers_temp.json,c101-qwen25-72b,xiaobu-embedding-v2,300,100,5,3,"[0.5, 0.5]",bge-reranker-large,3,20250606_010519,0.476,0.7654,81,0.8572,0.7201,20250606_010519
./汽车介绍手册.pdf,./QA_pairs.json,./answers_temp.json,c101-qwen25-72b,xiaobu-embedding-v2,300,100,5,5,"[0.5, 0.5]",bge-reranker-large,3,20250606_011325,0.4789,0.7654,81,0.854,0.7209,20250606_011325
./汽车介绍手册.pdf,./QA_pairs.json,./answers_temp.json,c101-qwen25-72b,xiaobu-embedding-v2,300,100,3,3,"[0.7, 0.3]",bge-reranker-large,3,20250606_012140,0.4797,0.7654,81,0.8538,0.7166,20250606_012140
./汽车介绍手册.pdf,./QA_pairs.json,./answers_temp.json,c101-qwen25-72b,xiaobu-embedding-v2,300,100,3,5,"[0.7, 0.3]",bge-reranker-large,3,20250606_012944,0.4877,0.7654,81,0.8591,0.7181,20250606_012944
./汽车介绍手册.pdf,./QA_pairs.json,./answers_temp.json,c101-qwen25-72b,xiaobu-embedding-v2,300,100,5,3,"[0.7, 0.3]",bge-reranker-large,3,20250606_013749,0.4857,0.7654,81,0.8522,0.7152,20250606_013749
./汽车介绍手册.pdf,./QA_pairs.json,./answers_temp.json,c101-qwen25-72b,xiaobu-embedding-v2,300,100,5,5,"[0.7, 0.3]",bge-reranker-large,3,20250606_014552,0.4731,0.7654,81,0.858,0.7211,20250606_014552
./汽车介绍手册.pdf,./QA_pairs.json,./answers_temp.json,c101-qwen25-72b,xiaobu-embedding-v2,300,100,3,3,"[0.5, 0.5]",bge-reranker-large,3,20250606_015406,0.4725,0.7407,81,0.8486,0.717,20250606_015406
./汽车介绍手册.pdf,./QA_pairs.json,./answers_temp.json,c101-qwen25-72b,xiaobu-embedding-v2,300,100,3,5,"[0.5, 0.5]",bge-reranker-large,3,20250606_020002,0.478,0.7284,81,0.8562,0.7257,20250606_020002
./汽车介绍手册.pdf,./QA_pairs.json,./answers_temp.json,c101-qwen25-72b,xiaobu-embedding-v2,300,100,5,3,"[0.5, 0.5]",bge-reranker-large,3,20250606_020339,0.4911,0.7407,81,0.8487,0.7143,20250606_020339
./汽车介绍手册.pdf,./QA_pairs.json,./answers_temp.json,c101-qwen25-72b,xiaobu-embedding-v2,300,100,5,5,"[0.5, 0.5]",bge-reranker-large,3,20250606_020710,0.5063,0.7407,81,0.8417,0.7094,20250606_020710
./汽车介绍手册.pdf,./QA_pairs.json,./answers_temp.json,c101-qwen25-72b,xiaobu-embedding-v2,300,100,3,3,"[0.7, 0.3]",bge-reranker-large,3,20250606_021507,0.4962,0.7407,81,0.8449,0.7154,20250606_021507
./汽车介绍手册.pdf,./QA_pairs.json,./answers_temp.json,c101-qwen25-72b,xiaobu-embedding-v2,300,100,3,5,"[0.7, 0.3]",bge-reranker-large,3,20250606_022300,0.4867,0.7284,81,0.8576,0.7224,20250606_022300
./汽车介绍手册.pdf,./QA_pairs.json,./answers_temp.json,c101-qwen25-72b,xiaobu-embedding-v2,300,100,5,3,"[0.7, 0.3]",bge-reranker-large,3,20250606_023058,0.4775,0.7407,81,0.852,0.7205,20250606_023058
./汽车介绍手册.pdf,./QA_pairs.json,./answers_temp.json,c101-qwen25-72b,xiaobu-embedding-v2,300,100,5,5,"[0.7, 0.3]",bge-reranker-large,3,20250606_023904,0.492,0.7407,81,0.8533,0.7221,20250606_023904
./汽车介绍手册.pdf,./QA_pairs.json,./answers_temp.json,c101-qwen25-72b,xiaobu-embedding-v2,300,100,3,3,"[0.5, 0.5]",bge-reranker-v2-m3,3,20250606_024708,0.4894,0.7407,81,0.8445,0.7081,20250606_024708
./汽车介绍手册.pdf,./QA_pairs.json,./answers_temp.json,c101-qwen25-72b,xiaobu-embedding-v2,300,100,3,5,"[0.5, 0.5]",bge-reranker-v2-m3,3,20250606_025452,0.5056,0.7407,81,0.8558,0.7311,20250606_025452
./汽车介绍手册.pdf,./QA_pairs.json,./answers_temp.json,c101-qwen25-72b,xiaobu-embedding-v2,300,100,5,3,"[0.5, 0.5]",bge-reranker-v2-m3,3,20250606_030241,0.5027,0.7407,81,0.8543,0.717,20250606_030241
./汽车介绍手册.pdf,./QA_pairs.json,./answers_temp.json,c101-qwen25-72b,xiaobu-embedding-v2,300,100,5,5,"[0.5, 0.5]",bge-reranker-v2-m3,3,20250606_031022,0.4974,0.7407,81,0.8475,0.7181,20250606_031022
./汽车介绍手册.pdf,./QA_pairs.json,./answers_temp.json,c101-qwen25-72b,xiaobu-embedding-v2,300,100,3,3,"[0.7, 0.3]",bge-reranker-v2-m3,3,20250606_031809,0.4783,0.7407,81,0.8369,0.7075,20250606_031809
./汽车介绍手册.pdf,./QA_pairs.json,./answers_temp.json,c101-qwen25-72b,xiaobu-embedding-v2,300,100,3,5,"[0.7, 0.3]",bge-reranker-v2-m3,3,20250606_032552,0.4926,0.7407,81,0.8623,0.7409,20250606_032552
./汽车介绍手册.pdf,./QA_pairs.json,./answers_temp.json,c101-qwen25-72b,xiaobu-embedding-v2,300,100,5,3,"[0.7, 0.3]",bge-reranker-v2-m3,3,20250606_033342,0.4758,0.7407,81,0.8518,0.7148,20250606_033342
./汽车介绍手册.pdf,./QA_pairs.json,./answers_temp.json,c101-qwen25-72b,xiaobu-embedding-v2,300,100,5,5,"[0.7, 0.3]",bge-reranker-v2-m3,3,20250606_034125,0.5016,0.7407,81,0.8592,0.7237,20250606_034125
./汽车介绍手册.pdf,./QA_pairs.json,./answers_temp.json,c101-qwen25-72b,xiaobu-embedding-v2,300,100,3,3,"[0.5, 0.5]",bge-reranker-v2-m3,3,20250606_034918,0.4753,0.7037,81,0.8436,0.6991,20250606_034918
./汽车介绍手册.pdf,./QA_pairs.json,./answers_temp.json,c101-qwen25-72b,xiaobu-embedding-v2,300,100,3,5,"[0.5, 0.5]",bge-reranker-v2-m3,3,20250606_035701,0.467,0.7037,81,0.8489,0.7102,20250606_035701
./汽车介绍手册.pdf,./QA_pairs.json,./answers_temp.json,c101-qwen25-72b,xiaobu-embedding-v2,300,100,5,3,"[0.5, 0.5]",bge-reranker-v2-m3,3,20250606_040453,0.4716,0.716,81,0.8425,0.7027,20250606_040453
./汽车介绍手册.pdf,./QA_pairs.json,./answers_temp.json,c101-qwen25-72b,xiaobu-embedding-v2,300,100,5,5,"[0.5, 0.5]",bge-reranker-v2-m3,3,20250606_041244,0.4634,0.716,81,0.8499,0.7128,20250606_041244
./汽车介绍手册.pdf,./QA_pairs.json,./answers_temp.json,c101-qwen25-72b,xiaobu-embedding-v2,300,100,3,3,"[0.7, 0.3]",bge-reranker-v2-m3,3,20250606_042036,0.4602,0.7037,81,0.8401,0.6988,20250606_042036
./汽车介绍手册.pdf,./QA_pairs.json,./answers_temp.json,c101-qwen25-72b,xiaobu-embedding-v2,300,100,3,5,"[0.7, 0.3]",bge-reranker-v2-m3,3,20250606_042822,0.4701,0.7037,81,0.8416,0.7034,20250606_042822
./汽车介绍手册.pdf,./QA_pairs.json,./answers_temp.json,c101-qwen25-72b,xiaobu-embedding-v2,300,100,5,3,"[0.7, 0.3]",bge-reranker-v2-m3,3,20250606_043615,0.457,0.716,81,0.8383,0.6921,20250606_043615
./汽车介绍手册.pdf,./QA_pairs.json,./answers_temp.json,c101-qwen25-72b,xiaobu-embedding-v2,300,100,5,5,"[0.7, 0.3]",bge-reranker-v2-m3,3,20250606_044401,0.4814,0.716,81,0.8469,0.7115,20250606_044401
./汽车介绍手册.pdf,./QA_pairs.json,./answers_temp.json,c101-qwen25-72b,xiaobu-embedding-v2,300,100,3,3,"[0.5, 0.5]",bge-reranker-v2-m3,3,20250606_045152,0.4701,0.7654,81,0.8617,0.7337,20250606_045152
./汽车介绍手册.pdf,./QA_pairs.json,./answers_temp.json,c101-qwen25-72b,xiaobu-embedding-v2,300,100,3,5,"[0.5, 0.5]",bge-reranker-v2-m3,3,20250606_045950,0.4641,0.7654,81,0.8528,0.7234,20250606_045950
./汽车介绍手册.pdf,./QA_pairs.json,./answers_temp.json,c101-qwen25-72b,xiaobu-embedding-v2,300,100,5,3,"[0.5, 0.5]",bge-reranker-v2-m3,3,20250606_050753,0.4863,0.7654,81,0.8572,0.7259,20250606_050753
./汽车介绍手册.pdf,./QA_pairs.json,./answers_temp.json,c101-qwen25-72b,xiaobu-embedding-v2,300,100,5,5,"[0.5, 0.5]",bge-reranker-v2-m3,3,20250606_051600,0.4883,0.7654,81,0.846,0.7121,20250606_051600
./汽车介绍手册.pdf,./QA_pairs.json,./answers_temp.json,c101-qwen25-72b,xiaobu-embedding-v2,300,100,3,3,"[0.7, 0.3]",bge-reranker-v2-m3,3,20250606_052410,0.4929,0.7654,81,0.8616,0.7341,20250606_052410
./汽车介绍手册.pdf,./QA_pairs.json,./answers_temp.json,c101-qwen25-72b,xiaobu-embedding-v2,300,100,3,5,"[0.7, 0.3]",bge-reranker-v2-m3,3,20250606_053204,0.4969,0.7654,81,0.8484,0.7202,20250606_053204
./汽车介绍手册.pdf,./QA_pairs.json,./answers_temp.json,c101-qwen25-72b,xiaobu-embedding-v2,300,100,5,3,"[0.7, 0.3]",bge-reranker-v2-m3,3,20250606_054003,0.4867,0.7654,81,0.8534,0.7255,20250606_054003
./汽车介绍手册.pdf,./QA_pairs.json,./answers_temp.json,c101-qwen25-72b,xiaobu-embedding-v2,300,100,5,5,"[0.7, 0.3]",bge-reranker-v2-m3,3,20250606_054806,0.4816,0.7654,81,0.8493,0.7175,20250606_054806
./汽车介绍手册.pdf,./QA_pairs.json,./answers_temp.json,c101-qwen25-72b,xiaobu-embedding-v2,300,100,3,3,"[0.5, 0.5]",bge-reranker-v2-m3,3,20250606_055611,0.4787,0.7531,81,0.863,0.7333,20250606_055611
./汽车介绍手册.pdf,./QA_pairs.json,./answers_temp.json,c101-qwen25-72b,xiaobu-embedding-v2,300,100,3,5,"[0.5, 0.5]",bge-reranker-v2-m3,3,20250606_060423,0.496,0.7407,81,0.8544,0.724,20250606_060423
./汽车介绍手册.pdf,./QA_pairs.json,./answers_temp.json,c101-qwen25-72b,xiaobu-embedding-v2,300,100,5,3,"[0.5, 0.5]",bge-reranker-v2-m3,3,20250606_061221,0.4969,0.7407,81,0.8561,0.726,20250606_061221
./汽车介绍手册.pdf,./QA_pairs.json,./answers_temp.json,c101-qwen25-72b,xiaobu-embedding-v2,300,100,5,5,"[0.5, 0.5]",bge-reranker-v2-m3,3,20250606_062024,0.4911,0.7407,81,0.8565,0.7245,20250606_062024
./汽车介绍手册.pdf,./QA_pairs.json,./answers_temp.json,c101-qwen25-72b,xiaobu-embedding-v2,300,100,3,3,"[0.7, 0.3]",bge-reranker-v2-m3,3,20250606_062829,0.4761,0.7531,81,0.8518,0.7214,20250606_062829
./汽车介绍手册.pdf,./QA_pairs.json,./answers_temp.json,c101-qwen25-72b,xiaobu-embedding-v2,300,100,3,5,"[0.7, 0.3]",bge-reranker-v2-m3,3,20250606_063632,0.5,0.7407,81,0.8539,0.7205,20250606_063632
./汽车介绍手册.pdf,./QA_pairs.json,./answers_temp.json,c101-qwen25-72b,xiaobu-embedding-v2,300,100,5,3,"[0.7, 0.3]",bge-reranker-v2-m3,3,20250606_064432,0.493,0.7407,81,0.8535,0.7203,20250606_064432
./汽车介绍手册.pdf,./QA_pairs.json,./answers_temp.json,c101-qwen25-72b,xiaobu-embedding-v2,300,100,5,5,"[0.7, 0.3]",bge-reranker-v2-m3,3,20250606_065231,0.4953,0.7407,81,0.8588,0.7277,20250606_065231
./汽车介绍手册.pdf,./QA_pairs.json,./answers_temp.json,c101-qwen25-72b,m3e-base,300,100,3,3,"[0.5, 0.5]",bge-reranker-base,3,20250606_070035,0.4612,0.8148,81,0.8216,0.6885,20250606_070035
./汽车介绍手册.pdf,./QA_pairs.json,./answers_temp.json,c101-qwen25-72b,m3e-base,300,100,3,5,"[0.5, 0.5]",bge-reranker-base,3,20250606_070810,0.4603,0.7778,81,0.8253,0.6865,20250606_070810
./汽车介绍手册.pdf,./QA_pairs.json,./answers_temp.json,c101-qwen25-72b,m3e-base,300,100,5,3,"[0.5, 0.5]",bge-reranker-base,3,20250606_071552,0.4582,0.7778,81,0.8211,0.6804,20250606_071552
./汽车介绍手册.pdf,./QA_pairs.json,./answers_temp.json,c101-qwen25-72b,m3e-base,300,100,5,5,"[0.5, 0.5]",bge-reranker-base,3,20250606_072325,0.4575,0.7778,81,0.8135,0.6783,20250606_072325
./汽车介绍手册.pdf,./QA_pairs.json,./answers_temp.json,c101-qwen25-72b,m3e-base,300,100,3,3,"[0.7, 0.3]",bge-reranker-base,3,20250606_073100,0.4612,0.8148,81,0.8201,0.6832,20250606_073100
./汽车介绍手册.pdf,./QA_pairs.json,./answers_temp.json,c101-qwen25-72b,m3e-base,300,100,3,5,"[0.7, 0.3]",bge-reranker-base,3,20250606_073834,0.4665,0.7778,81,0.829,0.6886,20250606_073834
./汽车介绍手册.pdf,./QA_pairs.json,./answers_temp.json,c101-qwen25-72b,m3e-base,300,100,5,3,"[0.7, 0.3]",bge-reranker-base,3,20250606_074616,0.4708,0.7778,81,0.8223,0.6778,20250606_074616
./汽车介绍手册.pdf,./QA_pairs.json,./answers_temp.json,c101-qwen25-72b,m3e-base,300,100,5,5,"[0.7, 0.3]",bge-reranker-base,3,20250606_075349,0.4762,0.7778,81,0.8226,0.6823,20250606_075349
./汽车介绍手册.pdf,./QA_pairs.json,./answers_temp.json,c101-qwen25-72b,m3e-base,300,100,3,3,"[0.5, 0.5]",bge-reranker-base,3,20250606_080124,0.4357,0.7407,81,0.8172,0.6783,20250606_080124
./汽车介绍手册.pdf,./QA_pairs.json,./answers_temp.json,c101-qwen25-72b,m3e-base,300,100,3,5,"[0.5, 0.5]",bge-reranker-base,3,20250606_080905,0.4416,0.7284,81,0.8275,0.6923,20250606_080905
./汽车介绍手册.pdf,./QA_pairs.json,./answers_temp.json,c101-qwen25-72b,m3e-base,300,100,5,3,"[0.5, 0.5]",bge-reranker-base,3,20250606_081655,0.4524,0.7901,81,0.8269,0.6918,20250606_081655
./汽车介绍手册.pdf,./QA_pairs.json,./answers_temp.json,c101-qwen25-72b,m3e-base,300,100,5,5,"[0.5, 0.5]",bge-reranker-base,3,20250606_082434,0.4423,0.7778,81,0.8154,0.671,20250606_082434
./汽车介绍手册.pdf,./QA_pairs.json,./answers_temp.json,c101-qwen25-72b,m3e-base,300,100,3,3,"[0.7, 0.3]",bge-reranker-base,3,20250606_083208,0.4397,0.7531,81,0.8186,0.6776,20250606_083208
./汽车介绍手册.pdf,./QA_pairs.json,./answers_temp.json,c101-qwen25-72b,m3e-base,300,100,3,5,"[0.7, 0.3]",bge-reranker-base,3,20250606_083952,0.4402,0.7284,81,0.8149,0.6786,20250606_083952
./汽车介绍手册.pdf,./QA_pairs.json,./answers_temp.json,c101-qwen25-72b,m3e-base,300,100,5,3,"[0.7, 0.3]",bge-reranker-base,3,20250606_084736,0.4471,0.7901,81,0.8246,0.6878,20250606_084736
./汽车介绍手册.pdf,./QA_pairs.json,./answers_temp.json,c101-qwen25-72b,m3e-base,300,100,5,5,"[0.7, 0.3]",bge-reranker-base,3,20250606_085514,0.4617,0.7778,81,0.8177,0.6868,20250606_085514
./汽车介绍手册.pdf,./QA_pairs.json,./answers_temp.json,c101-qwen25-72b,m3e-base,300,100,3,3,"[0.5, 0.5]",bge-reranker-base,3,20250606_090252,0.4528,0.7778,81,0.8254,0.6952,20250606_090252
./汽车介绍手册.pdf,./QA_pairs.json,./answers_temp.json,c101-qwen25-72b,m3e-base,300,100,3,5,"[0.5, 0.5]",bge-reranker-base,3,20250606_091039,0.4331,0.7531,81,0.8197,0.6815,20250606_091039
./汽车介绍手册.pdf,./QA_pairs.json,./answers_temp.json,c101-qwen25-72b,m3e-base,300,100,5,3,"[0.5, 0.5]",bge-reranker-base,3,20250606_091838,0.4506,0.7654,81,0.822,0.6782,20250606_091838
./汽车介绍手册.pdf,./QA_pairs.json,./answers_temp.json,c101-qwen25-72b,m3e-base,300,100,5,5,"[0.5, 0.5]",bge-reranker-base,3,20250606_092633,0.4613,0.7531,81,0.8263,0.685,20250606_092633
./汽车介绍手册.pdf,./QA_pairs.json,./answers_temp.json,c101-qwen25-72b,m3e-base,300,100,3,3,"[0.7, 0.3]",bge-reranker-base,3,20250606_093425,0.4196,0.7778,81,0.8235,0.6779,20250606_093425
./汽车介绍手册.pdf,./QA_pairs.json,./answers_temp.json,c101-qwen25-72b,m3e-base,300,100,3,5,"[0.7, 0.3]",bge-reranker-base,3,20250606_094216,0.4496,0.7531,81,0.8317,0.6871,20250606_094216
./汽车介绍手册.pdf,./QA_pairs.json,./answers_temp.json,c101-qwen25-72b,m3e-base,300,100,5,3,"[0.7, 0.3]",bge-reranker-base,3,20250606_095009,0.4447,0.7654,81,0.8293,0.6919,20250606_095009
./汽车介绍手册.pdf,./QA_pairs.json,./answers_temp.json,c101-qwen25-72b,m3e-base,300,100,5,5,"[0.7, 0.3]",bge-reranker-base,3,20250606_095800,0.4557,0.7531,81,0.8248,0.6821,20250606_095800
./汽车介绍手册.pdf,./QA_pairs.json,./answers_temp.json,c101-qwen25-72b,m3e-base,300,100,3,3,"[0.5, 0.5]",bge-reranker-base,3,20250606_100556,0.4702,0.7531,81,0.8286,0.6957,20250606_100556
./汽车介绍手册.pdf,./QA_pairs.json,./answers_temp.json,c101-qwen25-72b,m3e-base,300,100,3,5,"[0.5, 0.5]",bge-reranker-base,3,20250606_101341,0.4678,0.7284,81,0.8245,0.6881,20250606_101341
./汽车介绍手册.pdf,./QA_pairs.json,./answers_temp.json,c101-qwen25-72b,m3e-base,300,100,5,3,"[0.5, 0.5]",bge-reranker-base,3,20250606_102125,0.4474,0.7284,81,0.8256,0.6829,20250606_102125
./汽车介绍手册.pdf,./QA_pairs.json,./answers_temp.json,c101-qwen25-72b,m3e-base,300,100,5,5,"[0.5, 0.5]",bge-reranker-base,3,20250606_102916,0.4661,0.716,81,0.8281,0.6786,20250606_102916
./汽车介绍手册.pdf,./QA_pairs.json,./answers_temp.json,c101-qwen25-72b,m3e-base,300,100,3,3,"[0.7, 0.3]",bge-reranker-base,3,20250606_103709,0.4514,0.7531,81,0.8229,0.6849,20250606_103709
./汽车介绍手册.pdf,./QA_pairs.json,./answers_temp.json,c101-qwen25-72b,m3e-base,300,100,3,5,"[0.7, 0.3]",bge-reranker-base,3,20250606_104500,0.4581,0.7284,81,0.8275,0.6891,20250606_104500
./汽车介绍手册.pdf,./QA_pairs.json,./answers_temp.json,c101-qwen25-72b,m3e-base,300,100,5,3,"[0.7, 0.3]",bge-reranker-base,3,20250606_105250,0.4282,0.716,81,0.8305,0.6814,20250606_105250
./汽车介绍手册.pdf,./QA_pairs.json,./answers_temp.json,c101-qwen25-72b,m3e-base,300,100,5,5,"[0.7, 0.3]",bge-reranker-base,3,20250606_110046,0.4471,0.716,81,0.8284,0.685,20250606_110046
./汽车介绍手册.pdf,./QA_pairs.json,./answers_temp.json,c101-qwen25-72b,m3e-base,300,100,3,3,"[0.5, 0.5]",bge-reranker-large,3,20250606_110840,0.4703,0.7901,81,0.8459,0.7022,20250606_110840
./汽车介绍手册.pdf,./QA_pairs.json,./answers_temp.json,c101-qwen25-72b,m3e-base,300,100,3,5,"[0.5, 0.5]",bge-reranker-large,3,20250606_111634,0.4717,0.7531,81,0.8367,0.6926,20250606_111634
./汽车介绍手册.pdf,./QA_pairs.json,./answers_temp.json,c101-qwen25-72b,m3e-base,300,100,5,3,"[0.5, 0.5]",bge-reranker-large,3,20250606_112430,0.473,0.7654,81,0.8296,0.6894,20250606_112430
./汽车介绍手册.pdf,./QA_pairs.json,./answers_temp.json,c101-qwen25-72b,m3e-base,300,100,5,5,"[0.5, 0.5]",bge-reranker-large,3,20250606_113220,0.4743,0.7531,81,0.8364,0.7029,20250606_113220
./汽车介绍手册.pdf,./QA_pairs.json,./answers_temp.json,c101-qwen25-72b,m3e-base,300,100,3,3,"[0.7, 0.3]",bge-reranker-large,3,20250606_114018,0.4726,0.7901,81,0.8414,0.7009,20250606_114018
./汽车介绍手册.pdf,./QA_pairs.json,./answers_temp.json,c101-qwen25-72b,m3e-base,300,100,3,5,"[0.7, 0.3]",bge-reranker-large,3,20250606_114815,0.4727,0.7531,81,0.846,0.7026,20250606_114815
./汽车介绍手册.pdf,./QA_pairs.json,./answers_temp.json,c101-qwen25-72b,m3e-base,300,100,5,3,"[0.7, 0.3]",bge-reranker-large,3,20250606_115621,0.4726,0.7654,81,0.8368,0.7033,20250606_115621
./汽车介绍手册.pdf,./QA_pairs.json,./answers_temp.json,c101-qwen25-72b,m3e-base,300,100,5,5,"[0.7, 0.3]",bge-reranker-large,3,20250606_120410,0.4862,0.7531,81,0.837,0.7035,20250606_120410
./汽车介绍手册.pdf,./QA_pairs.json,./answers_temp.json,c101-qwen25-72b,m3e-base,300,100,3,3,"[0.5, 0.5]",bge-reranker-large,3,20250606_121206,0.4777,0.7654,81,0.8386,0.7116,20250606_121206
./汽车介绍手册.pdf,./QA_pairs.json,./answers_temp.json,c101-qwen25-72b,m3e-base,300,100,3,5,"[0.5, 0.5]",bge-reranker-large,3,20250606_121951,0.4921,0.7531,81,0.8384,0.7091,20250606_121951
./汽车介绍手册.pdf,./QA_pairs.json,./answers_temp.json,c101-qwen25-72b,m3e-base,300,100,5,3,"[0.5, 0.5]",bge-reranker-large,3,20250606_122750,0.4888,0.7654,81,0.8528,0.7294,20250606_122750
./汽车介绍手册.pdf,./QA_pairs.json,./answers_temp.json,c101-qwen25-72b,m3e-base,300,100,5,5,"[0.5, 0.5]",bge-reranker-large,3,20250606_123543,0.4799,0.7654,81,0.8624,0.7336,20250606_123543
./汽车介绍手册.pdf,./QA_pairs.json,./answers_temp.json,c101-qwen25-72b,m3e-base,300,100,3,3,"[0.7, 0.3]",bge-reranker-large,3,20250606_124340,0.4605,0.7654,81,0.8388,0.7011,20250606_124340
./汽车介绍手册.pdf,./QA_pairs.json,./answers_temp.json,c101-qwen25-72b,m3e-base,300,100,3,5,"[0.7, 0.3]",bge-reranker-large,3,20250606_125131,0.4827,0.7531,81,0.8451,0.7048,20250606_125131
./汽车介绍手册.pdf,./QA_pairs.json,./answers_temp.json,c101-qwen25-72b,Qwen3-Embedding-0.6B,300,100,7,7,"[0.6, 0.4]",bge-reranker-v2-m3,4,20250606_125430,0.4293,0.6914,81,0.8447,0.7045,20250606_125430
./汽车介绍手册.pdf,./QA_pairs.json,./answers_temp.json,c101-qwen25-72b,m3e-base,300,100,5,3,"[0.7, 0.3]",bge-reranker-large,3,20250606_125920,0.4788,0.7654,81,0.8456,0.7161,20250606_125920
./汽车介绍手册.pdf,./QA_pairs.json,./answers_temp.json,c101-qwen25-72b,m3e-base,300,100,5,5,"[0.7, 0.3]",bge-reranker-large,3,20250606_130714,0.4556,0.7654,81,0.8485,0.7165,20250606_130714
./汽车介绍手册.pdf,./QA_pairs.json,./answers_temp.json,c101-qwen25-72b,m3e-base,300,100,3,3,"[0.5, 0.5]",bge-reranker-large,3,20250606_131514,0.4719,0.7778,81,0.8532,0.7245,20250606_131514
./汽车介绍手册.pdf,./QA_pairs.json,./answers_temp.json,c101-qwen25-72b,m3e-base,300,100,3,5,"[0.5, 0.5]",bge-reranker-large,3,20250606_132311,0.454,0.7654,81,0.8477,0.6984,20250606_132311
./汽车介绍手册.pdf,./QA_pairs.json,./answers_temp.json,c101-qwen25-72b,m3e-base,300,100,5,3,"[0.5, 0.5]",bge-reranker-large,3,20250606_133115,0.4757,0.7654,81,0.8452,0.7094,20250606_133115
./汽车介绍手册.pdf,./QA_pairs.json,./answers_temp.json,c101-qwen25-72b,m3e-base,300,100,5,5,"[0.5, 0.5]",bge-reranker-large,3,20250606_133909,0.4601,0.7654,81,0.8391,0.7077,20250606_133909
./汽车介绍手册.pdf,./QA_pairs.json,./answers_temp.json,c101-qwen25-72b,m3e-base,300,100,3,3,"[0.7, 0.3]",bge-reranker-large,3,20250606_134719,0.501,0.7778,81,0.8534,0.7203,20250606_134719
./汽车介绍手册.pdf,./QA_pairs.json,./answers_temp.json,c101-qwen25-72b,m3e-base,300,100,3,5,"[0.7, 0.3]",bge-reranker-large,3,20250606_135511,0.4644,0.7654,81,0.8462,0.7018,20250606_135511
./汽车介绍手册.pdf,./QA_pairs.json,./answers_temp.json,c101-qwen25-72b,m3e-base,300,100,5,3,"[0.7, 0.3]",bge-reranker-large,3,20250606_140314,0.4871,0.7654,81,0.8564,0.7266,20250606_140314
./汽车介绍手册.pdf,./QA_pairs.json,./answers_temp.json,c101-qwen25-72b,m3e-base,300,100,5,5,"[0.7, 0.3]",bge-reranker-large,3,20250606_141115,0.4698,0.7654,81,0.8614,0.7261,20250606_141115
./汽车介绍手册.pdf,./QA_pairs.json,./answers_temp.json,c101-qwen25-72b,m3e-base,300,100,3,3,"[0.5, 0.5]",bge-reranker-large,3,20250606_141924,0.4944,0.7407,81,0.854,0.7318,20250606_141924
./汽车介绍手册.pdf,./QA_pairs.json,./answers_temp.json,c101-qwen25-72b,m3e-base,300,100,3,5,"[0.5, 0.5]",bge-reranker-large,3,20250606_142718,0.4722,0.7284,81,0.8394,0.6999,20250606_142718
./汽车介绍手册.pdf,./QA_pairs.json,./answers_temp.json,c101-qwen25-72b,m3e-base,300,100,5,3,"[0.5, 0.5]",bge-reranker-large,3,20250606_143519,0.5072,0.7407,81,0.859,0.7261,20250606_143519
./汽车介绍手册.pdf,./QA_pairs.json,./answers_temp.json,c101-qwen25-72b,m3e-base,300,100,5,5,"[0.5, 0.5]",bge-reranker-large,3,20250606_144004,0.4618,0.7407,81,0.8471,0.7125,20250606_144004
./汽车介绍手册.pdf,./QA_pairs.json,./answers_temp.json,c101-qwen25-72b,m3e-base,300,100,3,3,"[0.7, 0.3]",bge-reranker-large,3,20250606_144342,0.502,0.7407,81,0.8464,0.714,20250606_144342
./汽车介绍手册.pdf,./QA_pairs.json,./answers_temp.json,c101-qwen25-72b,m3e-base,300,100,3,5,"[0.7, 0.3]",bge-reranker-large,3,20250606_144711,0.4803,0.7284,81,0.8541,0.7215,20250606_144711
./汽车介绍手册.pdf,./QA_pairs.json,./answers_temp.json,c101-qwen25-72b,m3e-base,300,100,5,3,"[0.7, 0.3]",bge-reranker-large,3,20250606_145049,0.5063,0.7407,81,0.8508,0.7166,20250606_145049
./汽车介绍手册.pdf,./QA_pairs.json,./answers_temp.json,c101-qwen25-72b,m3e-base,300,100,5,5,"[0.7, 0.3]",bge-reranker-large,3,20250606_145420,0.4789,0.7407,81,0.8442,0.7129,20250606_145420
./汽车介绍手册.pdf,./QA_pairs.json,./answers_temp.json,c101-qwen25-72b,m3e-base,300,100,3,3,"[0.5, 0.5]",bge-reranker-v2-m3,3,20250606_145756,0.488,0.7407,81,0.8465,0.7164,20250606_145756
./汽车介绍手册.pdf,./QA_pairs.json,./answers_temp.json,c101-qwen25-72b,m3e-base,300,100,3,5,"[0.5, 0.5]",bge-reranker-v2-m3,3,20250606_150115,0.4801,0.7407,81,0.8533,0.7169,20250606_150115
./汽车介绍手册.pdf,./QA_pairs.json,./answers_temp.json,c101-qwen25-72b,m3e-base,300,100,5,3,"[0.5, 0.5]",bge-reranker-v2-m3,3,20250606_150450,0.4863,0.7407,81,0.8462,0.7055,20250606_150450
./汽车介绍手册.pdf,./QA_pairs.json,./answers_temp.json,c101-qwen25-72b,m3e-base,300,100,5,5,"[0.5, 0.5]",bge-reranker-v2-m3,3,20250606_150813,0.4896,0.7407,81,0.8517,0.7189,20250606_150813
./汽车介绍手册.pdf,./QA_pairs.json,./answers_temp.json,c101-qwen25-72b,m3e-base,300,100,3,3,"[0.7, 0.3]",bge-reranker-v2-m3,3,20250606_151623,0.4881,0.7407,81,0.8473,0.7188,20250606_151623
./汽车介绍手册.pdf,./QA_pairs.json,./answers_temp.json,c101-qwen25-72b,m3e-base,300,100,3,5,"[0.7, 0.3]",bge-reranker-v2-m3,3,20250606_152210,0.4862,0.7407,81,0.8467,0.7097,20250606_152210
./汽车介绍手册.pdf,./QA_pairs.json,./answers_temp.json,c101-qwen25-72b,m3e-base,300,100,5,3,"[0.7, 0.3]",bge-reranker-v2-m3,3,20250606_152542,0.481,0.7407,81,0.849,0.7097,20250606_152542
./汽车介绍手册.pdf,./QA_pairs.json,./answers_temp.json,c101-qwen25-72b,m3e-base,300,100,5,5,"[0.7, 0.3]",bge-reranker-v2-m3,3,20250606_152906,0.4873,0.7407,81,0.8512,0.7086,20250606_152906
./汽车介绍手册.pdf,./QA_pairs.json,./answers_temp.json,c101-qwen25-72b,m3e-base,300,100,3,3,"[0.5, 0.5]",bge-reranker-v2-m3,3,20250606_153706,0.4589,0.7037,81,0.8419,0.7057,20250606_153706
./汽车介绍手册.pdf,./QA_pairs.json,./answers_temp.json,c101-qwen25-72b,m3e-base,300,100,3,5,"[0.5, 0.5]",bge-reranker-v2-m3,3,20250606_154500,0.4735,0.716,81,0.8449,0.7088,20250606_154500
./汽车介绍手册.pdf,./QA_pairs.json,./answers_temp.json,c101-qwen25-72b,m3e-base,300,100,5,3,"[0.5, 0.5]",bge-reranker-v2-m3,3,20250606_155252,0.4749,0.7407,81,0.8417,0.701,20250606_155252
./汽车介绍手册.pdf,./QA_pairs.json,./answers_temp.json,c101-qwen25-72b,m3e-base,300,100,5,5,"[0.5, 0.5]",bge-reranker-v2-m3,3,20250606_160042,0.4747,0.7407,81,0.8429,0.7047,20250606_160042
./汽车介绍手册.pdf,./QA_pairs.json,./answers_temp.json,c101-qwen25-72b,m3e-base,300,100,3,3,"[0.7, 0.3]",bge-reranker-v2-m3,3,20250606_160828,0.4596,0.7037,81,0.8407,0.6986,20250606_160828
./汽车介绍手册.pdf,./QA_pairs.json,./answers_temp.json,c101-qwen25-72b,m3e-base,300,100,3,5,"[0.7, 0.3]",bge-reranker-v2-m3,3,20250606_161616,0.4586,0.716,81,0.8455,0.7068,20250606_161616
./汽车介绍手册.pdf,./QA_pairs.json,./answers_temp.json,c101-qwen25-72b,m3e-base,300,100,5,3,"[0.7, 0.3]",bge-reranker-v2-m3,3,20250606_162414,0.4968,0.7407,81,0.8557,0.7214,20250606_162414
./汽车介绍手册.pdf,./QA_pairs.json,./answers_temp.json,c101-qwen25-72b,m3e-base,300,100,5,5,"[0.7, 0.3]",bge-reranker-v2-m3,3,20250606_163210,0.498,0.7407,81,0.8471,0.7158,20250606_163210
./汽车介绍手册.pdf,./QA_pairs.json,./answers_temp.json,c101-qwen25-72b,m3e-base,300,100,3,3,"[0.5, 0.5]",bge-reranker-v2-m3,3,20250606_163959,0.4482,0.7901,81,0.8534,0.7258,20250606_163959
./汽车介绍手册.pdf,./QA_pairs.json,./answers_temp.json,c101-qwen25-72b,m3e-base,300,100,3,5,"[0.5, 0.5]",bge-reranker-v2-m3,3,20250606_164757,0.4588,0.7778,81,0.8396,0.6945,20250606_164757
./汽车介绍手册.pdf,./QA_pairs.json,./answers_temp.json,c101-qwen25-72b,m3e-base,300,100,5,3,"[0.5, 0.5]",bge-reranker-v2-m3,3,20250606_165557,0.474,0.7901,81,0.8537,0.7196,20250606_165557
./汽车介绍手册.pdf,./QA_pairs.json,./answers_temp.json,c101-qwen25-72b,m3e-base,300,100,5,5,"[0.5, 0.5]",bge-reranker-v2-m3,3,20250606_170411,0.4619,0.7778,81,0.8479,0.7152,20250606_170411
./汽车介绍手册.pdf,./QA_pairs.json,./answers_temp.json,c101-qwen25-72b,m3e-base,300,100,3,3,"[0.7, 0.3]",bge-reranker-v2-m3,3,20250606_171222,0.4786,0.7901,81,0.8518,0.7223,20250606_171222
./汽车介绍手册.pdf,./QA_pairs.json,./answers_temp.json,c101-qwen25-72b,m3e-base,300,100,3,5,"[0.7, 0.3]",bge-reranker-v2-m3,3,20250606_172017,0.4724,0.7778,81,0.8541,0.7186,20250606_172017
./汽车介绍手册.pdf,./QA_pairs.json,./answers_temp.json,c101-qwen25-72b,m3e-base,300,100,5,3,"[0.7, 0.3]",bge-reranker-v2-m3,3,20250606_172817,0.4721,0.7901,81,0.8533,0.7236,20250606_172817
./汽车介绍手册.pdf,./QA_pairs.json,./answers_temp.json,c101-qwen25-72b,m3e-base,300,100,5,5,"[0.7, 0.3]",bge-reranker-v2-m3,3,20250606_173623,0.48,0.7778,81,0.854,0.7262,20250606_173623
./汽车介绍手册.pdf,./QA_pairs.json,./answers_temp.json,c101-qwen25-72b,m3e-base,300,100,3,3,"[0.5, 0.5]",bge-reranker-v2-m3,3,20250606_174432,0.4699,0.7654,81,0.8503,0.7204,20250606_174432
./汽车介绍手册.pdf,./QA_pairs.json,./answers_temp.json,c101-qwen25-72b,m3e-base,300,100,3,5,"[0.5, 0.5]",bge-reranker-v2-m3,3,20250606_175235,0.464,0.7407,81,0.8352,0.6982,20250606_175235
./汽车介绍手册.pdf,./QA_pairs.json,./answers_temp.json,c101-qwen25-72b,m3e-base,300,100,5,3,"[0.5, 0.5]",bge-reranker-v2-m3,3,20250606_180035,0.4767,0.7407,81,0.8555,0.7184,20250606_180035
./汽车介绍手册.pdf,./QA_pairs.json,./answers_temp.json,c101-qwen25-72b,m3e-base,300,100,5,5,"[0.5, 0.5]",bge-reranker-v2-m3,3,20250606_180839,0.4811,0.7284,81,0.8459,0.711,20250606_180839
./汽车介绍手册.pdf,./QA_pairs.json,./answers_temp.json,c101-qwen25-72b,m3e-base,300,100,3,3,"[0.7, 0.3]",bge-reranker-v2-m3,3,20250606_181639,0.4765,0.7654,81,0.8489,0.7205,20250606_181639
./汽车介绍手册.pdf,./QA_pairs.json,./answers_temp.json,c101-qwen25-72b,m3e-base,300,100,3,5,"[0.7, 0.3]",bge-reranker-v2-m3,3,20250606_182446,0.4722,0.7407,81,0.8426,0.707,20250606_182446
./汽车介绍手册.pdf,./QA_pairs.json,./answers_temp.json,c101-qwen25-72b,m3e-base,300,100,5,3,"[0.7, 0.3]",bge-reranker-v2-m3,3,20250606_183250,0.4626,0.7407,81,0.8487,0.7071,20250606_183250
./汽车介绍手册.pdf,./QA_pairs.json,./answers_temp.json,c101-qwen25-72b,m3e-base,300,100,5,5,"[0.7, 0.3]",bge-reranker-v2-m3,3,20250606_183856,0.4703,0.7284,81,0.8581,0.7232,20250606_183856
./汽车介绍手册.pdf,./QA_pairs.json,./answers_temp.json,c101-qwen25-72b,gte_Qwen2-7B-instruct,300,100,3,3,"[0.5, 0.5]",bge-reranker-base,3,20250606_184645,0.4528,0.7407,81,0.7883,0.6585,20250606_184645
./汽车介绍手册.pdf,./QA_pairs.json,./answers_temp.json,c101-qwen25-72b,gte_Qwen2-7B-instruct,300,100,3,5,"[0.5, 0.5]",bge-reranker-base,3,20250606_185408,0.4554,0.7284,81,0.7943,0.6594,20250606_185408
./汽车介绍手册.pdf,./QA_pairs.json,./answers_temp.json,c101-qwen25-72b,gte_Qwen2-7B-instruct,300,100,5,3,"[0.5, 0.5]",bge-reranker-base,3,20250606_190130,0.4819,0.7407,81,0.8308,0.6894,20250606_190130
./汽车介绍手册.pdf,./QA_pairs.json,./answers_temp.json,c101-qwen25-72b,gte_Qwen2-7B-instruct,300,100,5,5,"[0.5, 0.5]",bge-reranker-base,3,20250606_190912,0.4651,0.7284,81,0.8276,0.6895,20250606_190912
./汽车介绍手册.pdf,./QA_pairs.json,./answers_temp.json,c101-qwen25-72b,gte_Qwen2-7B-instruct,300,100,3,3,"[0.7, 0.3]",bge-reranker-base,3,20250606_191647,0.461,0.7407,81,0.7995,0.6692,20250606_191647
./汽车介绍手册.pdf,./QA_pairs.json,./answers_temp.json,c101-qwen25-72b,gte_Qwen2-7B-instruct,300,100,3,5,"[0.7, 0.3]",bge-reranker-base,3,20250606_192409,0.4534,0.7284,81,0.7906,0.6541,20250606_192409
./汽车介绍手册.pdf,./QA_pairs.json,./answers_temp.json,c101-qwen25-72b,gte_Qwen2-7B-instruct,300,100,5,3,"[0.7, 0.3]",bge-reranker-base,3,20250606_193135,0.4666,0.7407,81,0.8295,0.6921,20250606_193135
./汽车介绍手册.pdf,./QA_pairs.json,./answers_temp.json,c101-qwen25-72b,gte_Qwen2-7B-instruct,300,100,5,5,"[0.7, 0.3]",bge-reranker-base,3,20250606_193914,0.4771,0.7284,81,0.8243,0.6798,20250606_193914
./汽车介绍手册.pdf,./QA_pairs.json,./answers_temp.json,c101-qwen25-72b,gte_Qwen2-7B-instruct,300,100,3,3,"[0.5, 0.5]",bge-reranker-base,3,20250606_194651,0.4564,0.7284,81,0.7877,0.6613,20250606_194651
./汽车介绍手册.pdf,./QA_pairs.json,./answers_temp.json,c101-qwen25-72b,gte_Qwen2-7B-instruct,300,100,3,5,"[0.5, 0.5]",bge-reranker-base,3,20250606_195419,0.4549,0.7284,81,0.7867,0.6645,20250606_195419
./汽车介绍手册.pdf,./QA_pairs.json,./answers_temp.json,c101-qwen25-72b,gte_Qwen2-7B-instruct,300,100,5,3,"[0.5, 0.5]",bge-reranker-base,3,20250606_200146,0.4548,0.7901,81,0.8266,0.6932,20250606_200146
./汽车介绍手册.pdf,./QA_pairs.json,./answers_temp.json,c101-qwen25-72b,gte_Qwen2-7B-instruct,300,100,5,5,"[0.5, 0.5]",bge-reranker-base,3,20250606_200922,0.4468,0.7778,81,0.8124,0.6704,20250606_200922
./汽车介绍手册.pdf,./QA_pairs.json,./answers_temp.json,c101-qwen25-72b,gte_Qwen2-7B-instruct,300,100,3,3,"[0.7, 0.3]",bge-reranker-base,3,20250606_201658,0.4639,0.7284,81,0.793,0.668,20250606_201658
./汽车介绍手册.pdf,./QA_pairs.json,./answers_temp.json,c101-qwen25-72b,gte_Qwen2-7B-instruct,300,100,3,5,"[0.7, 0.3]",bge-reranker-base,3,20250606_202422,0.4435,0.7284,81,0.7947,0.6712,20250606_202422
./汽车介绍手册.pdf,./QA_pairs.json,./answers_temp.json,c101-qwen25-72b,gte_Qwen2-7B-instruct,300,100,5,3,"[0.7, 0.3]",bge-reranker-base,3,20250606_203154,0.4516,0.7901,81,0.8176,0.6745,20250606_203154
./汽车介绍手册.pdf,./QA_pairs.json,./answers_temp.json,c101-qwen25-72b,gte_Qwen2-7B-instruct,300,100,5,5,"[0.7, 0.3]",bge-reranker-base,3,20250606_203742,0.4502,0.7778,81,0.8224,0.6848,20250606_203742
./汽车介绍手册.pdf,./QA_pairs.json,./answers_temp.json,c101-qwen25-72b,gte_Qwen2-7B-instruct,300,100,3,3,"[0.5, 0.5]",bge-reranker-base,3,20250606_204338,0.4737,0.7284,81,0.8212,0.6912,20250606_204338
./汽车介绍手册.pdf,./QA_pairs.json,./answers_temp.json,c101-qwen25-72b,gte_Qwen2-7B-instruct,300,100,3,5,"[0.5, 0.5]",bge-reranker-base,3,20250606_204916,0.4459,0.716,81,0.8017,0.6627,20250606_204916
./汽车介绍手册.pdf,./QA_pairs.json,./answers_temp.json,c101-qwen25-72b,gte_Qwen2-7B-instruct,300,100,5,3,"[0.5, 0.5]",bge-reranker-base,3,20250606_205306,0.4838,0.7407,81,0.8335,0.7107,20250606_205306
./汽车介绍手册.pdf,./QA_pairs.json,./answers_temp.json,c101-qwen25-72b,gte_Qwen2-7B-instruct,300,100,5,5,"[0.5, 0.5]",bge-reranker-base,3,20250606_205650,0.4735,0.7284,81,0.8307,0.6972,20250606_205650
./汽车介绍手册.pdf,./QA_pairs.json,./answers_temp.json,c101-qwen25-72b,gte_Qwen2-7B-instruct,300,100,3,3,"[0.7, 0.3]",bge-reranker-base,3,20250606_210523,0.4741,0.7284,81,0.8189,0.6931,20250606_210523
./汽车介绍手册.pdf,./QA_pairs.json,./answers_temp.json,c101-qwen25-72b,gte_Qwen2-7B-instruct,300,100,3,5,"[0.7, 0.3]",bge-reranker-base,3,20250606_211259,0.4666,0.716,81,0.8112,0.676,20250606_211259
./汽车介绍手册.pdf,./QA_pairs.json,./answers_temp.json,c101-qwen25-72b,gte_Qwen2-7B-instruct,300,100,5,3,"[0.7, 0.3]",bge-reranker-base,3,20250606_212046,0.488,0.7407,81,0.8315,0.7015,20250606_212046
./汽车介绍手册.pdf,./QA_pairs.json,./answers_temp.json,c101-qwen25-72b,gte_Qwen2-7B-instruct,300,100,5,5,"[0.7, 0.3]",bge-reranker-base,3,20250606_212847,0.4885,0.7284,81,0.8267,0.6973,20250606_212847
./汽车介绍手册.pdf,./QA_pairs.json,./answers_temp.json,c101-qwen25-72b,gte_Qwen2-7B-instruct,300,100,3,3,"[0.5, 0.5]",bge-reranker-base,3,20250606_213647,0.4895,0.7531,81,0.831,0.6948,20250606_213647
./汽车介绍手册.pdf,./QA_pairs.json,./answers_temp.json,c101-qwen25-72b,gte_Qwen2-7B-instruct,300,100,3,5,"[0.5, 0.5]",bge-reranker-base,3,20250606_214441,0.4689,0.7284,81,0.839,0.7069,20250606_214441
./汽车介绍手册.pdf,./QA_pairs.json,./answers_temp.json,c101-qwen25-72b,gte_Qwen2-7B-instruct,300,100,5,3,"[0.5, 0.5]",bge-reranker-base,3,20250606_215227,0.4959,0.7531,81,0.8326,0.6997,20250606_215227
./汽车介绍手册.pdf,./QA_pairs.json,./answers_temp.json,c101-qwen25-72b,gte_Qwen2-7B-instruct,300,100,5,5,"[0.5, 0.5]",bge-reranker-base,3,20250606_220014,0.4661,0.7407,81,0.8248,0.6874,20250606_220014
./汽车介绍手册.pdf,./QA_pairs.json,./answers_temp.json,c101-qwen25-72b,gte_Qwen2-7B-instruct,300,100,3,3,"[0.7, 0.3]",bge-reranker-base,3,20250606_220809,0.4917,0.7531,81,0.8306,0.6942,20250606_220809
./汽车介绍手册.pdf,./QA_pairs.json,./answers_temp.json,c101-qwen25-72b,gte_Qwen2-7B-instruct,300,100,3,5,"[0.7, 0.3]",bge-reranker-base,3,20250606_221548,0.4682,0.7284,81,0.8294,0.6883,20250606_221548
./汽车介绍手册.pdf,./QA_pairs.json,./answers_temp.json,c101-qwen25-72b,gte_Qwen2-7B-instruct,300,100,5,3,"[0.7, 0.3]",bge-reranker-base,3,20250606_222337,0.4777,0.7531,81,0.8276,0.6947,20250606_222337
./汽车介绍手册.pdf,./QA_pairs.json,./answers_temp.json,c101-qwen25-72b,gte_Qwen2-7B-instruct,300,100,5,5,"[0.7, 0.3]",bge-reranker-base,3,20250606_223126,0.4747,0.7407,81,0.8337,0.6981,20250606_223126
./汽车介绍手册.pdf,./QA_pairs.json,./answers_temp.json,c101-qwen25-72b,gte_Qwen2-7B-instruct,300,100,3,3,"[0.5, 0.5]",bge-reranker-large,3,20250606_223918,0.4635,0.7531,81,0.7972,0.6641,20250606_223918
./汽车介绍手册.pdf,./QA_pairs.json,./answers_temp.json,c101-qwen25-72b,gte_Qwen2-7B-instruct,300,100,3,5,"[0.5, 0.5]",bge-reranker-large,3,20250606_224654,0.4725,0.7284,81,0.7914,0.658,20250606_224654
./汽车介绍手册.pdf,./QA_pairs.json,./answers_temp.json,c101-qwen25-72b,gte_Qwen2-7B-instruct,300,100,5,3,"[0.5, 0.5]",bge-reranker-large,3,20250606_225433,0.4799,0.7654,81,0.8269,0.689,20250606_225433
./汽车介绍手册.pdf,./QA_pairs.json,./answers_temp.json,c101-qwen25-72b,gte_Qwen2-7B-instruct,300,100,5,5,"[0.5, 0.5]",bge-reranker-large,3,20250606_230220,0.4857,0.7531,81,0.8318,0.6906,20250606_230220
./汽车介绍手册.pdf,./QA_pairs.json,./answers_temp.json,c101-qwen25-72b,gte_Qwen2-7B-instruct,300,100,3,3,"[0.7, 0.3]",bge-reranker-large,3,20250606_231018,0.4474,0.7531,81,0.7967,0.657,20250606_231018
./汽车介绍手册.pdf,./QA_pairs.json,./answers_temp.json,c101-qwen25-72b,gte_Qwen2-7B-instruct,300,100,3,5,"[0.7, 0.3]",bge-reranker-large,3,20250606_231751,0.4649,0.7284,81,0.8036,0.6739,20250606_231751
./汽车介绍手册.pdf,./QA_pairs.json,./answers_temp.json,c101-qwen25-72b,gte_Qwen2-7B-instruct,300,100,5,3,"[0.7, 0.3]",bge-reranker-large,3,20250606_232536,0.4742,0.7654,81,0.8303,0.6971,20250606_232536
./汽车介绍手册.pdf,./QA_pairs.json,./answers_temp.json,c101-qwen25-72b,gte_Qwen2-7B-instruct,300,100,5,5,"[0.7, 0.3]",bge-reranker-large,3,20250606_233114,0.4799,0.7531,81,0.8372,0.6965,20250606_233114
./汽车介绍手册.pdf,./QA_pairs.json,./answers_temp.json,c101-qwen25-72b,gte_Qwen2-7B-instruct,300,100,3,3,"[0.5, 0.5]",bge-reranker-large,3,20250606_233454,0.4682,0.7284,81,0.8084,0.6738,20250606_233454
./汽车介绍手册.pdf,./QA_pairs.json,./answers_temp.json,c101-qwen25-72b,gte_Qwen2-7B-instruct,300,100,3,5,"[0.5, 0.5]",bge-reranker-large,3,20250606_233808,0.4719,0.7037,81,0.7957,0.6558,20250606_233808
./汽车介绍手册.pdf,./QA_pairs.json,./answers_temp.json,c101-qwen25-72b,gte_Qwen2-7B-instruct,300,100,5,3,"[0.5, 0.5]",bge-reranker-large,3,20250606_234334,0.5153,0.7407,81,0.8273,0.6952,20250606_234334
./汽车介绍手册.pdf,./QA_pairs.json,./answers_temp.json,c101-qwen25-72b,gte_Qwen2-7B-instruct,300,100,5,5,"[0.5, 0.5]",bge-reranker-large,3,20250606_235058,0.499,0.7284,81,0.8405,0.7076,20250606_235058
./汽车介绍手册.pdf,./QA_pairs.json,./answers_temp.json,c101-qwen25-72b,gte_Qwen2-7B-instruct,300,100,3,3,"[0.7, 0.3]",bge-reranker-large,3,20250606_235834,0.4632,0.7284,81,0.7951,0.6649,20250606_235834
./汽车介绍手册.pdf,./QA_pairs.json,./answers_temp.json,c101-qwen25-72b,gte_Qwen2-7B-instruct,300,100,3,5,"[0.7, 0.3]",bge-reranker-large,3,20250607_000607,0.4638,0.7037,81,0.8028,0.669,20250607_000607
./汽车介绍手册.pdf,./QA_pairs.json,./answers_temp.json,c101-qwen25-72b,gte_Qwen2-7B-instruct,300,100,5,3,"[0.7, 0.3]",bge-reranker-large,3,20250607_001348,0.5057,0.7407,81,0.8297,0.6942,20250607_001348
./汽车介绍手册.pdf,./QA_pairs.json,./answers_temp.json,c101-qwen25-72b,gte_Qwen2-7B-instruct,300,100,5,5,"[0.7, 0.3]",bge-reranker-large,3,20250607_002121,0.4893,0.7284,81,0.8235,0.6856,20250607_002121
./汽车介绍手册.pdf,./QA_pairs.json,./answers_temp.json,c101-qwen25-72b,gte_Qwen2-7B-instruct,300,100,3,3,"[0.5, 0.5]",bge-reranker-large,3,20250607_002858,0.4746,0.7284,81,0.8304,0.7062,20250607_002858
./汽车介绍手册.pdf,./QA_pairs.json,./answers_temp.json,c101-qwen25-72b,gte_Qwen2-7B-instruct,300,100,3,5,"[0.5, 0.5]",bge-reranker-large,3,20250607_003647,0.4862,0.7037,81,0.8357,0.7084,20250607_003647
./汽车介绍手册.pdf,./QA_pairs.json,./answers_temp.json,c101-qwen25-72b,gte_Qwen2-7B-instruct,300,100,5,3,"[0.5, 0.5]",bge-reranker-large,3,20250607_004441,0.4935,0.7407,81,0.8541,0.724,20250607_004441
./汽车介绍手册.pdf,./QA_pairs.json,./answers_temp.json,c101-qwen25-72b,gte_Qwen2-7B-instruct,300,100,5,5,"[0.5, 0.5]",bge-reranker-large,3,20250607_005237,0.5043,0.716,81,0.8498,0.7159,20250607_005237
./汽车介绍手册.pdf,./QA_pairs.json,./answers_temp.json,c101-qwen25-72b,gte_Qwen2-7B-instruct,300,100,3,3,"[0.7, 0.3]",bge-reranker-large,3,20250607_010033,0.4705,0.7284,81,0.8204,0.6928,20250607_010033
./汽车介绍手册.pdf,./QA_pairs.json,./answers_temp.json,c101-qwen25-72b,gte_Qwen2-7B-instruct,300,100,3,5,"[0.7, 0.3]",bge-reranker-large,3,20250607_010819,0.4751,0.7037,81,0.829,0.6906,20250607_010819
./汽车介绍手册.pdf,./QA_pairs.json,./answers_temp.json,c101-qwen25-72b,gte_Qwen2-7B-instruct,300,100,5,3,"[0.7, 0.3]",bge-reranker-large,3,20250607_011612,0.4845,0.7407,81,0.8503,0.7182,20250607_011612
./汽车介绍手册.pdf,./QA_pairs.json,./answers_temp.json,c101-qwen25-72b,gte_Qwen2-7B-instruct,300,100,5,5,"[0.7, 0.3]",bge-reranker-large,3,20250607_012410,0.4853,0.716,81,0.8456,0.7111,20250607_012410
./汽车介绍手册.pdf,./QA_pairs.json,./answers_temp.json,c101-qwen25-72b,gte_Qwen2-7B-instruct,300,100,3,3,"[0.5, 0.5]",bge-reranker-large,3,20250607_013213,0.5015,0.7284,81,0.8399,0.7154,20250607_013213
./汽车介绍手册.pdf,./QA_pairs.json,./answers_temp.json,c101-qwen25-72b,gte_Qwen2-7B-instruct,300,100,3,5,"[0.5, 0.5]",bge-reranker-large,3,20250607_013957,0.4795,0.716,81,0.8452,0.7135,20250607_013957
./汽车介绍手册.pdf,./QA_pairs.json,./answers_temp.json,c101-qwen25-72b,gte_Qwen2-7B-instruct,300,100,5,3,"[0.5, 0.5]",bge-reranker-large,3,20250607_014756,0.5145,0.7531,81,0.8594,0.7309,20250607_014756
./汽车介绍手册.pdf,./QA_pairs.json,./answers_temp.json,c101-qwen25-72b,gte_Qwen2-7B-instruct,300,100,5,5,"[0.5, 0.5]",bge-reranker-large,3,20250607_015553,0.5185,0.7407,81,0.8542,0.7294,20250607_015553
./汽车介绍手册.pdf,./QA_pairs.json,./answers_temp.json,c101-qwen25-72b,gte_Qwen2-7B-instruct,300,100,3,3,"[0.7, 0.3]",bge-reranker-large,3,20250607_020402,0.5017,0.7284,81,0.8424,0.7157,20250607_020402
./汽车介绍手册.pdf,./QA_pairs.json,./answers_temp.json,c101-qwen25-72b,gte_Qwen2-7B-instruct,300,100,3,5,"[0.7, 0.3]",bge-reranker-large,3,20250607_021156,0.5215,0.716,81,0.8475,0.7121,20250607_021156
./汽车介绍手册.pdf,./QA_pairs.json,./answers_temp.json,c101-qwen25-72b,gte_Qwen2-7B-instruct,300,100,5,3,"[0.7, 0.3]",bge-reranker-large,3,20250607_021951,0.5094,0.7531,81,0.853,0.7253,20250607_021951
./汽车介绍手册.pdf,./QA_pairs.json,./answers_temp.json,c101-qwen25-72b,gte_Qwen2-7B-instruct,300,100,5,5,"[0.7, 0.3]",bge-reranker-large,3,20250607_022749,0.5173,0.7407,81,0.8533,0.7239,20250607_022749
./汽车介绍手册.pdf,./QA_pairs.json,./answers_temp.json,c101-qwen25-72b,gte_Qwen2-7B-instruct,300,100,3,3,"[0.5, 0.5]",bge-reranker-v2-m3,3,20250607_023545,0.464,0.7654,81,0.7902,0.6602,20250607_023545
./汽车介绍手册.pdf,./QA_pairs.json,./answers_temp.json,c101-qwen25-72b,gte_Qwen2-7B-instruct,300,100,3,5,"[0.5, 0.5]",bge-reranker-v2-m3,3,20250607_024319,0.4675,0.7778,81,0.7935,0.6625,20250607_024319
./汽车介绍手册.pdf,./QA_pairs.json,./answers_temp.json,c101-qwen25-72b,gte_Qwen2-7B-instruct,300,100,5,3,"[0.5, 0.5]",bge-reranker-v2-m3,3,20250607_025055,0.4922,0.7778,81,0.8394,0.6997,20250607_025055
./汽车介绍手册.pdf,./QA_pairs.json,./answers_temp.json,c101-qwen25-72b,gte_Qwen2-7B-instruct,300,100,5,5,"[0.5, 0.5]",bge-reranker-v2-m3,3,20250607_025839,0.4789,0.7901,81,0.8316,0.6878,20250607_025839
./汽车介绍手册.pdf,./QA_pairs.json,./answers_temp.json,c101-qwen25-72b,gte_Qwen2-7B-instruct,300,100,3,3,"[0.7, 0.3]",bge-reranker-v2-m3,3,20250607_030633,0.4569,0.7654,81,0.7942,0.6607,20250607_030633
./汽车介绍手册.pdf,./QA_pairs.json,./answers_temp.json,c101-qwen25-72b,gte_Qwen2-7B-instruct,300,100,3,5,"[0.7, 0.3]",bge-reranker-v2-m3,3,20250607_031405,0.4587,0.7778,81,0.8003,0.6626,20250607_031405
./汽车介绍手册.pdf,./QA_pairs.json,./answers_temp.json,c101-qwen25-72b,gte_Qwen2-7B-instruct,300,100,5,3,"[0.7, 0.3]",bge-reranker-v2-m3,3,20250607_031932,0.4794,0.7778,81,0.8406,0.7024,20250607_031932
./汽车介绍手册.pdf,./QA_pairs.json,./answers_temp.json,c101-qwen25-72b,gte_Qwen2-7B-instruct,300,100,5,5,"[0.7, 0.3]",bge-reranker-v2-m3,3,20250607_032307,0.479,0.7901,81,0.8425,0.7045,20250607_032307
./汽车介绍手册.pdf,./QA_pairs.json,./answers_temp.json,c101-qwen25-72b,gte_Qwen2-7B-instruct,300,100,3,3,"[0.5, 0.5]",bge-reranker-v2-m3,3,20250607_032644,0.4722,0.7037,81,0.7968,0.6666,20250607_032644
./汽车介绍手册.pdf,./QA_pairs.json,./answers_temp.json,c101-qwen25-72b,gte_Qwen2-7B-instruct,300,100,3,5,"[0.5, 0.5]",bge-reranker-v2-m3,3,20250607_033410,0.4591,0.716,81,0.7845,0.6476,20250607_033410
./汽车介绍手册.pdf,./QA_pairs.json,./answers_temp.json,c101-qwen25-72b,gte_Qwen2-7B-instruct,300,100,5,3,"[0.5, 0.5]",bge-reranker-v2-m3,3,20250607_034142,0.4916,0.7778,81,0.8444,0.7104,20250607_034142
./汽车介绍手册.pdf,./QA_pairs.json,./answers_temp.json,c101-qwen25-72b,gte_Qwen2-7B-instruct,300,100,5,5,"[0.5, 0.5]",bge-reranker-v2-m3,3,20250607_034925,0.4767,0.7778,81,0.8318,0.6965,20250607_034925
./汽车介绍手册.pdf,./QA_pairs.json,./answers_temp.json,c101-qwen25-72b,gte_Qwen2-7B-instruct,300,100,3,3,"[0.7, 0.3]",bge-reranker-v2-m3,3,20250607_035713,0.4728,0.7037,81,0.804,0.6763,20250607_035713
./汽车介绍手册.pdf,./QA_pairs.json,./answers_temp.json,c101-qwen25-72b,gte_Qwen2-7B-instruct,300,100,3,5,"[0.7, 0.3]",bge-reranker-v2-m3,3,20250607_040445,0.4556,0.716,81,0.7906,0.6586,20250607_040445
./汽车介绍手册.pdf,./QA_pairs.json,./answers_temp.json,c101-qwen25-72b,gte_Qwen2-7B-instruct,300,100,5,3,"[0.7, 0.3]",bge-reranker-v2-m3,3,20250607_041223,0.5004,0.7778,81,0.8291,0.6895,20250607_041223
./汽车介绍手册.pdf,./QA_pairs.json,./answers_temp.json,c101-qwen25-72b,gte_Qwen2-7B-instruct,300,100,5,5,"[0.7, 0.3]",bge-reranker-v2-m3,3,20250607_041957,0.4721,0.7778,81,0.8227,0.6878,20250607_041957
./汽车介绍手册.pdf,./QA_pairs.json,./answers_temp.json,c101-qwen25-72b,gte_Qwen2-7B-instruct,300,100,3,3,"[0.5, 0.5]",bge-reranker-v2-m3,3,20250607_042736,0.4627,0.7531,81,0.8201,0.692,20250607_042736
./汽车介绍手册.pdf,./QA_pairs.json,./answers_temp.json,c101-qwen25-72b,gte_Qwen2-7B-instruct,300,100,3,5,"[0.5, 0.5]",bge-reranker-v2-m3,3,20250607_043527,0.4757,0.7531,81,0.8245,0.696,20250607_043527
./汽车介绍手册.pdf,./QA_pairs.json,./answers_temp.json,c101-qwen25-72b,gte_Qwen2-7B-instruct,300,100,5,3,"[0.5, 0.5]",bge-reranker-v2-m3,3,20250607_044322,0.4872,0.7654,81,0.849,0.7175,20250607_044322
./汽车介绍手册.pdf,./QA_pairs.json,./answers_temp.json,c101-qwen25-72b,gte_Qwen2-7B-instruct,300,100,5,5,"[0.5, 0.5]",bge-reranker-v2-m3,3,20250607_045120,0.4768,0.7654,81,0.8401,0.6996,20250607_045120
./汽车介绍手册.pdf,./QA_pairs.json,./answers_temp.json,c101-qwen25-72b,gte_Qwen2-7B-instruct,300,100,3,3,"[0.7, 0.3]",bge-reranker-v2-m3,3,20250607_045922,0.4911,0.7531,81,0.8254,0.6968,20250607_045922
./汽车介绍手册.pdf,./QA_pairs.json,./answers_temp.json,c101-qwen25-72b,gte_Qwen2-7B-instruct,300,100,3,5,"[0.7, 0.3]",bge-reranker-v2-m3,3,20250607_050713,0.4742,0.7531,81,0.823,0.6972,20250607_050713
./汽车介绍手册.pdf,./QA_pairs.json,./answers_temp.json,c101-qwen25-72b,gte_Qwen2-7B-instruct,300,100,5,3,"[0.7, 0.3]",bge-reranker-v2-m3,3,20250607_051507,0.5001,0.7654,81,0.8505,0.7259,20250607_051507
./汽车介绍手册.pdf,./QA_pairs.json,./answers_temp.json,c101-qwen25-72b,gte_Qwen2-7B-instruct,300,100,5,5,"[0.7, 0.3]",bge-reranker-v2-m3,3,20250607_052306,0.4968,0.7654,81,0.8454,0.7097,20250607_052306
./汽车介绍手册.pdf,./QA_pairs.json,./answers_temp.json,c101-qwen25-72b,gte_Qwen2-7B-instruct,300,100,3,3,"[0.5, 0.5]",bge-reranker-v2-m3,3,20250607_053107,0.4833,0.7531,81,0.8425,0.7199,20250607_053107
./汽车介绍手册.pdf,./QA_pairs.json,./answers_temp.json,c101-qwen25-72b,gte_Qwen2-7B-instruct,300,100,3,5,"[0.5, 0.5]",bge-reranker-v2-m3,3,20250607_053904,0.5061,0.7531,81,0.8369,0.7017,20250607_053904
./汽车介绍手册.pdf,./QA_pairs.json,./answers_temp.json,c101-qwen25-72b,gte_Qwen2-7B-instruct,300,100,5,3,"[0.5, 0.5]",bge-reranker-v2-m3,3,20250607_054657,0.5107,0.7531,81,0.8507,0.7215,20250607_054657
./汽车介绍手册.pdf,./QA_pairs.json,./answers_temp.json,c101-qwen25-72b,gte_Qwen2-7B-instruct,300,100,5,5,"[0.5, 0.5]",bge-reranker-v2-m3,3,20250607_055458,0.5072,0.7531,81,0.8557,0.7213,20250607_055458
./汽车介绍手册.pdf,./QA_pairs.json,./answers_temp.json,c101-qwen25-72b,gte_Qwen2-7B-instruct,300,100,3,3,"[0.7, 0.3]",bge-reranker-v2-m3,3,20250607_060257,0.4798,0.7531,81,0.8406,0.7118,20250607_060257
./汽车介绍手册.pdf,./QA_pairs.json,./answers_temp.json,c101-qwen25-72b,gte_Qwen2-7B-instruct,300,100,3,5,"[0.7, 0.3]",bge-reranker-v2-m3,3,20250607_061048,0.4872,0.7531,81,0.843,0.7156,20250607_061048
./汽车介绍手册.pdf,./QA_pairs.json,./answers_temp.json,c101-qwen25-72b,gte_Qwen2-7B-instruct,300,100,5,3,"[0.7, 0.3]",bge-reranker-v2-m3,3,20250607_061840,0.4993,0.7531,81,0.8558,0.7261,20250607_061840
./汽车介绍手册.pdf,./QA_pairs.json,./answers_temp.json,c101-qwen25-72b,gte_Qwen2-7B-instruct,300,100,5,5,"[0.7, 0.3]",bge-reranker-v2-m3,3,20250607_062640,0.4899,0.7531,81,0.8564,0.7266,20250607_062640
./汽车介绍手册.pdf,./QA_pairs.json,./answers_temp.json,c101-qwen25-72b,xiaobu-embedding-v2,500,150,3,3,"[0.5, 0.5]",bge-reranker-base,3,20250608_144943,0.4573,0.7654,81,0.8425,0.7043,20250608_144943
./汽车介绍手册.pdf,./QA_pairs.json,./answers_temp.json,c101-qwen25-72b,xiaobu-embedding-v2,500,150,3,5,"[0.5, 0.5]",bge-reranker-base,3,20250608_145810,0.451,0.7531,81,0.8414,0.693,20250608_145810
./汽车介绍手册.pdf,./QA_pairs.json,./answers_temp.json,c101-qwen25-72b,xiaobu-embedding-v2,500,150,5,3,"[0.5, 0.5]",bge-reranker-base,3,20250608_150619,0.4715,0.7531,81,0.8372,0.6989,20250608_150619
./汽车介绍手册.pdf,./QA_pairs.json,./answers_temp.json,c101-qwen25-72b,xiaobu-embedding-v2,500,150,5,5,"[0.5, 0.5]",bge-reranker-base,3,20250608_151426,0.4653,0.7531,81,0.8455,0.6978,20250608_151426
./汽车介绍手册.pdf,./QA_pairs.json,./answers_temp.json,c101-qwen25-72b,xiaobu-embedding-v2,500,150,3,3,"[0.7, 0.3]",bge-reranker-base,3,20250608_152032,0.4773,0.7654,81,0.8467,0.7072,20250608_152032
./汽车介绍手册.pdf,./QA_pairs.json,./answers_temp.json,c101-qwen25-72b,xiaobu-embedding-v2,500,150,3,5,"[0.7, 0.3]",bge-reranker-base,3,20250608_152406,0.4543,0.7531,81,0.8296,0.6798,20250608_152406
./汽车介绍手册.pdf,./QA_pairs.json,./answers_temp.json,c101-qwen25-72b,xiaobu-embedding-v2,500,150,5,3,"[0.7, 0.3]",bge-reranker-base,3,20250608_152741,0.4504,0.7531,81,0.8337,0.6822,20250608_152741
./汽车介绍手册.pdf,./QA_pairs.json,./answers_temp.json,c101-qwen25-72b,xiaobu-embedding-v2,500,150,5,5,"[0.7, 0.3]",bge-reranker-base,3,20250608_153537,0.4445,0.7531,81,0.8281,0.6799,20250608_153537
./汽车介绍手册.pdf,./QA_pairs.json,./answers_temp.json,c101-qwen25-72b,xiaobu-embedding-v2,500,150,3,3,"[0.5, 0.5]",bge-reranker-large,3,20250608_154342,0.4642,0.7407,81,0.8479,0.7087,20250608_154342
./汽车介绍手册.pdf,./QA_pairs.json,./answers_temp.json,c101-qwen25-72b,xiaobu-embedding-v2,500,150,3,5,"[0.5, 0.5]",bge-reranker-large,3,20250608_155152,0.4687,0.7407,81,0.8449,0.707,20250608_155152
./汽车介绍手册.pdf,./QA_pairs.json,./answers_temp.json,c101-qwen25-72b,xiaobu-embedding-v2,500,150,5,3,"[0.5, 0.5]",bge-reranker-large,3,20250608_160012,0.4706,0.7407,81,0.8476,0.7192,20250608_160012
./汽车介绍手册.pdf,./QA_pairs.json,./answers_temp.json,c101-qwen25-72b,xiaobu-embedding-v2,500,150,5,5,"[0.5, 0.5]",bge-reranker-large,3,20250608_160911,0.4803,0.7407,81,0.8509,0.7191,20250608_160911
./汽车介绍手册.pdf,./QA_pairs.json,./answers_temp.json,c101-qwen25-72b,xiaobu-embedding-v2,500,150,3,3,"[0.7, 0.3]",bge-reranker-large,3,20250608_161740,0.4679,0.7407,81,0.8552,0.7227,20250608_161740
./汽车介绍手册.pdf,./QA_pairs.json,./answers_temp.json,c101-qwen25-72b,xiaobu-embedding-v2,500,150,3,5,"[0.7, 0.3]",bge-reranker-large,3,20250608_162604,0.4783,0.7407,81,0.8428,0.7118,20250608_162604
./汽车介绍手册.pdf,./QA_pairs.json,./answers_temp.json,c101-qwen25-72b,xiaobu-embedding-v2,500,150,5,3,"[0.7, 0.3]",bge-reranker-large,3,20250608_163413,0.4832,0.7407,81,0.8574,0.7225,20250608_163413
./汽车介绍手册.pdf,./QA_pairs.json,./answers_temp.json,c101-qwen25-72b,xiaobu-embedding-v2,500,150,5,5,"[0.7, 0.3]",bge-reranker-large,3,20250608_164211,0.4624,0.7407,81,0.8452,0.7061,20250608_164211
./汽车介绍手册.pdf,./QA_pairs.json,./answers_temp.json,c101-qwen25-72b,xiaobu-embedding-v2,500,150,3,3,"[0.5, 0.5]",bge-reranker-v2-m3,3,20250608_165031,0.4765,0.7778,81,0.8458,0.7044,20250608_165031
./汽车介绍手册.pdf,./QA_pairs.json,./answers_temp.json,c101-qwen25-72b,xiaobu-embedding-v2,500,150,3,5,"[0.5, 0.5]",bge-reranker-v2-m3,3,20250608_170120,0.4452,0.7654,81,0.8392,0.7045,20250608_170120
./汽车介绍手册.pdf,./QA_pairs.json,./answers_temp.json,c101-qwen25-72b,xiaobu-embedding-v2,500,150,5,3,"[0.5, 0.5]",bge-reranker-v2-m3,3,20250608_171044,0.4604,0.7654,81,0.8488,0.717,20250608_171044
./汽车介绍手册.pdf,./QA_pairs.json,./answers_temp.json,c101-qwen25-72b,xiaobu-embedding-v2,500,150,5,5,"[0.5, 0.5]",bge-reranker-v2-m3,3,20250608_171953,0.4373,0.7654,81,0.8442,0.7001,20250608_171953
./汽车介绍手册.pdf,./QA_pairs.json,./answers_temp.json,c101-qwen25-72b,xiaobu-embedding-v2,500,150,3,3,"[0.7, 0.3]",bge-reranker-v2-m3,3,20250608_172831,0.4687,0.7778,81,0.8484,0.7073,20250608_172831
./汽车介绍手册.pdf,./QA_pairs.json,./answers_temp.json,c101-qwen25-72b,xiaobu-embedding-v2,500,150,3,5,"[0.7, 0.3]",bge-reranker-v2-m3,3,20250608_173232,0.4639,0.7654,81,0.8465,0.7079,20250608_173232
./汽车介绍手册.pdf,./QA_pairs.json,./answers_temp.json,c101-qwen25-72b,xiaobu-embedding-v2,500,150,5,3,"[0.7, 0.3]",bge-reranker-v2-m3,3,20250608_173619,0.4684,0.7654,81,0.8534,0.7174,20250608_173619
./汽车介绍手册.pdf,./QA_pairs.json,./answers_temp.json,c101-qwen25-72b,xiaobu-embedding-v2,500,150,5,5,"[0.7, 0.3]",bge-reranker-v2-m3,3,20250608_174418,0.4419,0.7654,81,0.8449,0.7101,20250608_174418
./汽车介绍手册.pdf,./QA_pairs.json,./answers_temp.json,c101-qwen25-72b,m3e-base,500,150,3,3,"[0.5, 0.5]",bge-reranker-base,3,20250608_175242,0.46,0.7654,81,0.8233,0.6815,20250608_175242
./汽车介绍手册.pdf,./QA_pairs.json,./answers_temp.json,c101-qwen25-72b,m3e-base,500,150,3,5,"[0.5, 0.5]",bge-reranker-base,3,20250608_180038,0.4773,0.7531,81,0.8403,0.7023,20250608_180038
./汽车介绍手册.pdf,./QA_pairs.json,./answers_temp.json,c101-qwen25-72b,m3e-base,500,150,5,3,"[0.5, 0.5]",bge-reranker-base,3,20250608_180836,0.4563,0.7531,81,0.8371,0.7003,20250608_180836
./汽车介绍手册.pdf,./QA_pairs.json,./answers_temp.json,c101-qwen25-72b,m3e-base,500,150,5,5,"[0.5, 0.5]",bge-reranker-base,3,20250608_181646,0.4652,0.7531,81,0.8392,0.6947,20250608_181646
./汽车介绍手册.pdf,./QA_pairs.json,./answers_temp.json,c101-qwen25-72b,m3e-base,500,150,3,3,"[0.7, 0.3]",bge-reranker-base,3,20250608_182500,0.465,0.7654,81,0.8307,0.6876,20250608_182500
./汽车介绍手册.pdf,./QA_pairs.json,./answers_temp.json,c101-qwen25-72b,m3e-base,500,150,3,5,"[0.7, 0.3]",bge-reranker-base,3,20250608_183315,0.4508,0.7531,81,0.8283,0.6887,20250608_183315
./汽车介绍手册.pdf,./QA_pairs.json,./answers_temp.json,c101-qwen25-72b,m3e-base,500,150,5,3,"[0.7, 0.3]",bge-reranker-base,3,20250608_184126,0.4716,0.7531,81,0.8513,0.7126,20250608_184126
./汽车介绍手册.pdf,./QA_pairs.json,./answers_temp.json,c101-qwen25-72b,m3e-base,500,150,5,5,"[0.7, 0.3]",bge-reranker-base,3,20250608_184932,0.4671,0.7531,81,0.837,0.6945,20250608_184932
./汽车介绍手册.pdf,./QA_pairs.json,./answers_temp.json,c101-qwen25-72b,m3e-base,500,150,3,3,"[0.5, 0.5]",bge-reranker-large,3,20250608_185732,0.4893,0.7037,81,0.8383,0.713,20250608_185732
./汽车介绍手册.pdf,./QA_pairs.json,./answers_temp.json,c101-qwen25-72b,m3e-base,500,150,3,5,"[0.5, 0.5]",bge-reranker-large,3,20250608_190534,0.4772,0.7037,81,0.8458,0.7101,20250608_190534
./汽车介绍手册.pdf,./QA_pairs.json,./answers_temp.json,c101-qwen25-72b,m3e-base,500,150,5,3,"[0.5, 0.5]",bge-reranker-large,3,20250608_191350,0.4667,0.7407,81,0.8494,0.7115,20250608_191350
./汽车介绍手册.pdf,./QA_pairs.json,./answers_temp.json,c101-qwen25-72b,m3e-base,500,150,5,5,"[0.5, 0.5]",bge-reranker-large,3,20250608_192205,0.4614,0.7407,81,0.8471,0.7135,20250608_192205
./汽车介绍手册.pdf,./QA_pairs.json,./answers_temp.json,c101-qwen25-72b,m3e-base,500,150,3,3,"[0.7, 0.3]",bge-reranker-large,3,20250608_193025,0.461,0.7037,81,0.8467,0.7048,20250608_193025
./汽车介绍手册.pdf,./QA_pairs.json,./answers_temp.json,c101-qwen25-72b,m3e-base,500,150,3,5,"[0.7, 0.3]",bge-reranker-large,3,20250608_193843,0.4693,0.7037,81,0.8516,0.7111,20250608_193843
./汽车介绍手册.pdf,./QA_pairs.json,./answers_temp.json,c101-qwen25-72b,m3e-base,500,150,5,3,"[0.7, 0.3]",bge-reranker-large,3,20250608_194710,0.4789,0.7407,81,0.8522,0.723,20250608_194710
./汽车介绍手册.pdf,./QA_pairs.json,./answers_temp.json,c101-qwen25-72b,m3e-base,500,150,5,5,"[0.7, 0.3]",bge-reranker-large,3,20250608_195526,0.4923,0.7407,81,0.8575,0.7154,20250608_195526
./汽车介绍手册.pdf,./QA_pairs.json,./answers_temp.json,c101-qwen25-72b,m3e-base,500,150,3,3,"[0.5, 0.5]",bge-reranker-v2-m3,3,20250608_200348,0.4559,0.7407,81,0.8367,0.696,20250608_200348
./汽车介绍手册.pdf,./QA_pairs.json,./answers_temp.json,c101-qwen25-72b,m3e-base,500,150,3,5,"[0.5, 0.5]",bge-reranker-v2-m3,3,20250608_201200,0.474,0.7407,81,0.8297,0.6908,20250608_201200
./汽车介绍手册.pdf,./QA_pairs.json,./answers_temp.json,c101-qwen25-72b,m3e-base,500,150,5,3,"[0.5, 0.5]",bge-reranker-v2-m3,3,20250608_202002,0.4609,0.7531,81,0.842,0.699,20250608_202002
./汽车介绍手册.pdf,./QA_pairs.json,./answers_temp.json,c101-qwen25-72b,m3e-base,500,150,5,5,"[0.5, 0.5]",bge-reranker-v2-m3,3,20250608_202804,0.4576,0.7531,81,0.8368,0.7065,20250608_202804
./汽车介绍手册.pdf,./QA_pairs.json,./answers_temp.json,c101-qwen25-72b,m3e-base,500,150,3,3,"[0.7, 0.3]",bge-reranker-v2-m3,3,20250608_203625,0.4469,0.7407,81,0.8397,0.7005,20250608_203625
./汽车介绍手册.pdf,./QA_pairs.json,./answers_temp.json,c101-qwen25-72b,m3e-base,500,150,3,5,"[0.7, 0.3]",bge-reranker-v2-m3,3,20250608_204437,0.4511,0.7407,81,0.8369,0.6941,20250608_204437
./汽车介绍手册.pdf,./QA_pairs.json,./answers_temp.json,c101-qwen25-72b,m3e-base,500,150,5,3,"[0.7, 0.3]",bge-reranker-v2-m3,3,20250608_205249,0.4557,0.7531,81,0.8375,0.698,20250608_205249
./汽车介绍手册.pdf,./QA_pairs.json,./answers_temp.json,c101-qwen25-72b,m3e-base,500,150,5,5,"[0.7, 0.3]",bge-reranker-v2-m3,3,20250608_210107,0.4489,0.7531,81,0.852,0.7145,20250608_210107
./汽车介绍手册.pdf,./QA_pairs.json,./answers_temp.json,c101-qwen25-72b,gte_Qwen2-7B-instruct,500,150,3,3,"[0.5, 0.5]",bge-reranker-base,3,20250608_211337,0.477,0.7284,81,0.8329,0.6912,20250608_211337
./汽车介绍手册.pdf,./QA_pairs.json,./answers_temp.json,c101-qwen25-72b,gte_Qwen2-7B-instruct,500,150,3,5,"[0.5, 0.5]",bge-reranker-base,3,20250608_212145,0.5013,0.7284,81,0.8506,0.715,20250608_212145
./汽车介绍手册.pdf,./QA_pairs.json,./answers_temp.json,c101-qwen25-72b,gte_Qwen2-7B-instruct,500,150,5,3,"[0.5, 0.5]",bge-reranker-base,3,20250608_212947,0.4824,0.7407,81,0.8462,0.7042,20250608_212947
./汽车介绍手册.pdf,./QA_pairs.json,./answers_temp.json,c101-qwen25-72b,gte_Qwen2-7B-instruct,500,150,5,5,"[0.5, 0.5]",bge-reranker-base,3,20250608_213749,0.4504,0.7407,81,0.8327,0.6914,20250608_213749
./汽车介绍手册.pdf,./QA_pairs.json,./answers_temp.json,c101-qwen25-72b,gte_Qwen2-7B-instruct,500,150,3,3,"[0.7, 0.3]",bge-reranker-base,3,20250608_214619,0.5055,0.7284,81,0.8463,0.7201,20250608_214619
./汽车介绍手册.pdf,./QA_pairs.json,./answers_temp.json,c101-qwen25-72b,gte_Qwen2-7B-instruct,500,150,3,5,"[0.7, 0.3]",bge-reranker-base,3,20250608_215424,0.4899,0.7284,81,0.8408,0.7029,20250608_215424
./汽车介绍手册.pdf,./QA_pairs.json,./answers_temp.json,c101-qwen25-72b,gte_Qwen2-7B-instruct,500,150,5,3,"[0.7, 0.3]",bge-reranker-base,3,20250608_220234,0.4813,0.7407,81,0.8449,0.7034,20250608_220234
./汽车介绍手册.pdf,./QA_pairs.json,./answers_temp.json,c101-qwen25-72b,gte_Qwen2-7B-instruct,500,150,5,5,"[0.7, 0.3]",bge-reranker-base,3,20250608_221037,0.4778,0.7407,81,0.8466,0.7112,20250608_221037
./汽车介绍手册.pdf,./QA_pairs.json,./answers_temp.json,c101-qwen25-72b,gte_Qwen2-7B-instruct,500,150,3,3,"[0.5, 0.5]",bge-reranker-large,3,20250608_221837,0.4895,0.7284,81,0.8524,0.725,20250608_221837
./汽车介绍手册.pdf,./QA_pairs.json,./answers_temp.json,c101-qwen25-72b,gte_Qwen2-7B-instruct,500,150,3,5,"[0.5, 0.5]",bge-reranker-large,3,20250608_222648,0.4859,0.716,81,0.8437,0.7099,20250608_222648
./汽车介绍手册.pdf,./QA_pairs.json,./answers_temp.json,c101-qwen25-72b,gte_Qwen2-7B-instruct,500,150,5,3,"[0.5, 0.5]",bge-reranker-large,3,20250608_223500,0.4813,0.7531,81,0.8541,0.7165,20250608_223500
./汽车介绍手册.pdf,./QA_pairs.json,./answers_temp.json,c101-qwen25-72b,gte_Qwen2-7B-instruct,500,150,5,5,"[0.5, 0.5]",bge-reranker-large,3,20250608_224318,0.4738,0.7531,81,0.8609,0.7324,20250608_224318
./汽车介绍手册.pdf,./QA_pairs.json,./answers_temp.json,c101-qwen25-72b,gte_Qwen2-7B-instruct,500,150,3,3,"[0.7, 0.3]",bge-reranker-large,3,20250608_225135,0.4937,0.7284,81,0.8566,0.7315,20250608_225135
./汽车介绍手册.pdf,./QA_pairs.json,./answers_temp.json,c101-qwen25-72b,gte_Qwen2-7B-instruct,500,150,3,5,"[0.7, 0.3]",bge-reranker-large,3,20250608_225940,0.4885,0.716,81,0.8451,0.7087,20250608_225940
./汽车介绍手册.pdf,./QA_pairs.json,./answers_temp.json,c101-qwen25-72b,gte_Qwen2-7B-instruct,500,150,5,3,"[0.7, 0.3]",bge-reranker-large,3,20250608_230740,0.4828,0.7531,81,0.8568,0.7204,20250608_230740
./汽车介绍手册.pdf,./QA_pairs.json,./answers_temp.json,c101-qwen25-72b,gte_Qwen2-7B-instruct,500,150,5,5,"[0.7, 0.3]",bge-reranker-large,3,20250608_231541,0.4817,0.7531,81,0.8587,0.7282,20250608_231541
./汽车介绍手册.pdf,./QA_pairs.json,./answers_temp.json,c101-qwen25-72b,gte_Qwen2-7B-instruct,500,150,3,3,"[0.5, 0.5]",bge-reranker-v2-m3,3,20250608_232358,0.5024,0.7654,81,0.834,0.7046,20250608_232358
./汽车介绍手册.pdf,./QA_pairs.json,./answers_temp.json,c101-qwen25-72b,gte_Qwen2-7B-instruct,500,150,3,5,"[0.5, 0.5]",bge-reranker-v2-m3,3,20250608_233157,0.468,0.7531,81,0.8491,0.7162,20250608_233157
./汽车介绍手册.pdf,./QA_pairs.json,./answers_temp.json,c101-qwen25-72b,gte_Qwen2-7B-instruct,500,150,5,3,"[0.5, 0.5]",bge-reranker-v2-m3,3,20250608_234007,0.4916,0.7654,81,0.8538,0.7253,20250608_234007
./汽车介绍手册.pdf,./QA_pairs.json,./answers_temp.json,c101-qwen25-72b,gte_Qwen2-7B-instruct,500,150,5,5,"[0.5, 0.5]",bge-reranker-v2-m3,3,20250608_234834,0.4769,0.7654,81,0.8614,0.7193,20250608_234834
./汽车介绍手册.pdf,./QA_pairs.json,./answers_temp.json,c101-qwen25-72b,gte_Qwen2-7B-instruct,500,150,3,3,"[0.7, 0.3]",bge-reranker-v2-m3,3,20250608_235653,0.4726,0.7654,81,0.8469,0.7185,20250608_235653
./汽车介绍手册.pdf,./QA_pairs.json,./answers_temp.json,c101-qwen25-72b,gte_Qwen2-7B-instruct,500,150,3,5,"[0.7, 0.3]",bge-reranker-v2-m3,3,20250609_000459,0.4819,0.7531,81,0.8459,0.7117,20250609_000459
./汽车介绍手册.pdf,./QA_pairs.json,./answers_temp.json,c101-qwen25-72b,gte_Qwen2-7B-instruct,500,150,5,3,"[0.7, 0.3]",bge-reranker-v2-m3,3,20250609_001302,0.4683,0.7654,81,0.8655,0.7238,20250609_001302
./汽车介绍手册.pdf,./QA_pairs.json,./answers_temp.json,c101-qwen25-72b,gte_Qwen2-7B-instruct,500,150,5,5,"[0.7, 0.3]",bge-reranker-v2-m3,3,20250609_002118,0.5025,0.7654,81,0.8607,0.723,20250609_002118
